Date;Time;League;Home;Away;Odd_Under05_HT_Back;Odd_Under05_HT_Lay;Odd_Over05_HT_Back;Odd_Over05_HT_Lay;Odd_Under15_HT_Back;Odd_Under15_HT_Lay;Odd_Over15_HT_Back;Odd_Over15_HT_Lay;Odd_Under25_HT_Back;Odd_Under25_HT_Lay;Odd_Over25_HT_Back;Odd_Over25_HT_Lay;Odd_H_Back;Odd_H_Lay;Odd_A_Back;Odd_A_Lay;Odd_D_Back;Odd_D_Lay;Odd_1X_Back;Odd_1X_Lay;Odd_X2_Back;Odd_X2_Lay;Odd_12_Back;Odd_12_Lay;Odd_Under05_FT_Back;Odd_Under05_FT_Lay;Odd_Over05_FT_Back;Odd_Over05_FT_Lay;Odd_Under15_FT_Back;Odd_Under15_FT_Lay;Odd_Over15_FT_Back;Odd_Over15_FT_Lay;Odd_Under25_FT_Back;Odd_Under25_FT_Lay;Odd_Over25_FT_Back;Odd_Over25_FT_Lay;Odd_Under35_FT_Back;Odd_Under35_FT_Lay;Odd_Over35_FT_Back;Odd_Over35_FT_Lay;Odd_Under45_FT_Back;Odd_Under45_FT_Lay;Odd_Over45_FT_Back;Odd_Over45_FT_Lay;Odd_BTTS_Yes_Back;Odd_BTTS_Yes_Lay;Odd_BTTS_No_Back;Odd_BTTS_No_Lay;Odd_CS_0x0_Back;Odd_CS_0x0_Lay;Odd_CS_0x1_Back;Odd_CS_0x1_Lay;Odd_CS_0x2_Back;Odd_CS_0x2_Lay;Odd_CS_0x3_Back;Odd_CS_0x3_Lay;Odd_CS_1x0_Back;Odd_CS_1x0_Lay;Odd_CS_1x1_Back;Odd_CS_1x1_Lay;Odd_CS_1x2_Back;Odd_CS_1x2_Lay;Odd_CS_1x3_Back;Odd_CS_1x3_Lay;Odd_CS_2x0_Back;Odd_CS_2x0_Lay;Odd_CS_2x1_Back;Odd_CS_2x1_Lay;Odd_CS_2x2_Back;Odd_CS_2x2_Lay;Odd_CS_2x3_Back;Odd_CS_2x3_Lay;Odd_CS_3x0_Back;Odd_CS_3x0_Lay;Odd_CS_3x1_Back;Odd_CS_3x1_Lay;Odd_CS_3x2_Back;Odd_CS_3x2_Lay;Odd_CS_3x3_Back;Odd_CS_3x3_Lay;Odd_CS_Goleada_H_Back;Odd_CS_Goleada_H_Lay;Odd_CS_Goleada_A_Back;Odd_CS_Goleada_A_Lay;Odd_CS_Goleada_D_Back;Odd_CS_Goleada_D_Lay
2026-03-03;04:45:00;AFC Champions League;Melbourne City;Buriram Utd;2.9;3.1;1.48;1.53;1.4;1.44;3.25;3.5;1.1;1.12;9.8;11.5;2.6;2.7;3.05;3.2;3.25;3.4;1.45;1.49;1.6;1.65;1.41;1.45;10.0;12.0;1.09;1.11;3.25;3.5;1.4;1.44;1.76;1.8;2.24;2.3;1.28;1.31;4.2;4.6;1.1;1.12;9.8;11.0;1.86;1.98;2.02;2.16;10.0;11.5;10.0;11.5;18.0;21.0;42.0;95.0;8.4;9.6;6.8;7.6;12.5;14.5;29.0;40.0;14.5;16.0;11.0;12.0;18.0;20.0;48.0;110.0;30.0;40.0;27.0;32.0;44.0;55.0;90.0;140.0;25.0;30.0;34.0;44.0;14.0;1000.0
2026-03-03;05:00:00;AFC Ladies Asian Cup;China (W);Bangladesh (W);1.2;110.0;1.03;1.05;3.05;110.0;1.24;1.48;1.65;990.0;1.25;2.54;1.01;1.02;110.0;1000.0;50.0;1000.0;1.01;1.01;1.01;1000.0;1.01;1000.0;130.0;980.0;1.01;1.01;1.11;110.0;1.02;1.03;4.3;36.0;1.04;1.08;6.4;21.0;1.12;1.18;3.6;4.5;1.3;1.38;3.5;15.0;1.25;1.4;130.0;1000.0;1.06;1000.0;1.05;1000.0;1.6;1000.0;1.06;1000.0;1.59;1000.0;1.06;1000.0;1.6;1000.0;1.05;1000.0;1.06;1000.0;1.06;1000.0;1.05;1000.0;1.05;1000.0;1.6;1000.0;1.05;1000.0;1.6;1000.0;1.01;980.0;1.6;1000.0;1.6;1000.0
2026-03-03;07:00:00;AFC Champions League;Gangwon;FC Machida;2.54;2.68;1.6;1.65;1.3;1.33;4.0;4.4;1.06;1.07;13.5;18.0;4.3;4.6;2.18;2.24;3.0;3.15;1.8;1.85;1.27;1.31;1.46;1.5;7.6;8.8;1.13;1.15;2.66;2.78;1.56;1.6;1.53;1.57;2.78;2.9;1.18;1.21;5.8;6.4;1.06;1.08;14.0;18.0;2.16;2.38;1.72;1.85;7.6;8.4;5.9;6.8;10.5;12.0;25.0;34.0;9.2;11.5;6.2;7.2;10.5;12.5;27.0;55.0;20.0;30.0;16.0;20.0;21.0;26.0;50.0;130.0;28.0;500.0;27.0;160.0;34.0;190.0;16.0;580.0;80.0;600.0;11.0;55.0;15.0;1000.0
2026-03-03;07:00:00;FIFA Ladies World Cup Qualifiers;Bulgaria (W);Croatia (W);3.45;3.8;1.36;1.41;1.52;1.58;2.72;2.94;1.13;1.16;7.2;8.4;4.5;5.2;1.74;1.79;4.1;4.5;1.02;21.0;1.17;990.0;1.16;26.0;12.0;21.0;1.06;1.07;4.1;5.0;1.26;1.32;2.06;2.26;1.8;1.95;1.42;1.48;3.0;3.4;1.16;1.2;5.5;7.0;1.72;1.9;2.12;2.4;7.2;19.5;5.7;10.5;10.0;12.0;17.0;19.5;15.5;19.5;5.4;9.4;5.6;10.0;8.6;18.0;17.5;40.0;16.0;20.0;16.5;20.0;14.5;34.0;10.0;1000.0;10.5;65.0;10.5;1000.0;11.0;580.0;9.6;1000.0;6.4;11.0;11.5;1000.0
2026-03-03;07:30:00;Ethiopian Higher League;Addis Ababa City;Nifas Silk Lafto;2.74;3.45;1.41;1.58;1.37;1.55;2.84;3.7;1.09;1.14;1.11;12.5;2.72;3.4;2.42;2.98;3.05;3.6;1.5;1.71;1.41;1.59;1.39;1.49;1.15;15.5;1.07;1.12;2.84;4.2;1.33;1.48;1.68;2.06;1.95;2.46;1.27;1.41;1.05;4.8;1.1;1.17;1.1;11.5;1.75;2.04;1.97;2.34;4.3;13.5;4.0;11.5;4.7;19.0;5.5;120.0;4.2;12.5;3.6;8.4;4.3;13.5;5.4;36.0;4.9;22.0;4.4;14.5;4.8;20.0;5.6;980.0;5.7;150.0;5.4;100.0;5.7;150.0;6.0;500.0;5.5;42.0;5.3;34.0;6.2;1000.0
2026-03-03;08:00:00;Moldovan Cup;Zimbru Chisinau;FC Politehnica UTM;5.6;6.4;1.18;1.21;2.14;2.22;1.82;1.87;1.33;1.38;3.6;4.1;1.16;1.2;10.5;21.0;8.4;10.5;1.05;1.07;6.0;7.0;1.1;1.12;24.0;110.0;1.01;1.03;8.0;12.5;1.1;1.12;3.75;4.3;1.31;1.36;2.12;2.3;1.78;1.89;1.49;1.56;2.78;3.05;2.02;2.18;1.84;1.97;7.8;65.0;4.2;1000.0;4.2;1000.0;4.2;1000.0;5.8;16.5;9.0;24.0;8.0;1000.0;4.2;1000.0;5.6;11.5;5.5;14.5;7.4;95.0;4.2;1000.0;5.1;10.5;6.2;15.0;7.2;1000.0;8.6;1000.0;2.42;2.84;10.5;1000.0;9.0;1000.0
2026-03-03;08:00:00;FIFA Ladies World Cup Qualifiers;Azerbaijan (W);N Macedonia (W);3.05;3.75;1.39;1.49;1.47;1.56;2.68;3.25;1.11;1.14;6.8;10.5;1.54;1.61;5.8;11.0;4.0;4.8;1.01;1000.0;1.01;1000.0;1.01;1000.0;1.15;18.0;1.06;1.08;3.2;4.3;1.31;1.39;2.0;2.18;1.86;1.99;1.4;1.43;3.25;3.5;1.13;1.18;1.1;8.8;1.95;2.26;1.8;2.06;5.6;32.0;6.2;1000.0;4.2;1000.0;4.2;1000.0;4.2;46.0;4.6;42.0;4.2;1000.0;4.2;1000.0;4.6;40.0;4.8;40.0;6.8;1000.0;4.2;1000.0;6.0;500.0;6.0;1000.0;7.2;1000.0;8.4;1000.0;4.8;29.0;4.2;1000.0;8.8;1000.0
2026-03-03;08:00:00;Thai League 2;Rasi Salai United FC;Nakhon Pathom;3.4;4.0;1.35;1.41;1.51;1.61;2.62;3.0;1.13;1.17;6.4;8.8;1.64;1.75;4.7;6.0;3.75;4.9;1.2;1.27;2.28;2.58;1.26;1.34;13.5;21.0;1.05;1.08;4.1;5.0;1.25;1.3;2.2;2.36;1.73;1.83;1.46;1.54;2.88;3.25;1.16;1.22;5.5;7.4;1.73;2.0;2.0;2.38;14.5;19.5;15.5;22.0;32.0;48.0;6.4;1000.0;7.8;10.5;7.6;10.5;16.0;22.0;19.5;290.0;9.0;12.5;8.4;11.5;15.5;22.0;6.2;1000.0;14.0;19.5;14.0;19.5;14.0;60.0;6.4;1000.0;8.2;10.5;6.2;1000.0;6.8;1000.0
2026-03-03;08:30:00;Bulgarian A League;Spartak Varna;Montana;2.88;3.1;1.48;1.53;1.38;1.43;3.3;3.6;1.09;1.11;9.8;11.5;2.54;2.68;3.05;3.3;3.25;3.45;1.44;1.49;1.6;1.65;1.41;1.45;9.8;12.0;1.09;1.11;3.3;3.5;1.4;1.43;1.74;1.81;2.22;2.34;1.28;1.31;4.2;4.7;1.09;1.12;9.8;12.0;1.87;2.06;1.94;2.14;9.6;16.5;9.6;11.5;18.0;36.0;42.0;1000.0;8.2;9.4;6.6;7.8;12.0;14.5;16.0;120.0;13.5;22.0;10.0;14.5;13.5;36.0;23.0;60.0;27.0;150.0;14.5;80.0;23.0;55.0;10.0;580.0;8.2;70.0;9.0;85.0;11.0;1000.0
2026-03-03;09:00:00;FIFA Ladies World Cup Qualifiers;Bosnia (W);Estonia (W);3.9;4.2;1.31;1.35;1.62;1.68;2.46;2.6;1.17;1.2;6.0;6.8;1.25;1.27;12.0;21.0;6.2;7.4;1.04;8.6;1.01;1000.0;1.12;21.0;1.15;36.0;1.04;1.05;5.1;5.8;1.21;1.24;2.36;2.52;1.66;1.73;1.55;1.61;2.64;2.82;1.22;1.25;5.0;5.6;2.28;2.62;1.63;1.78;6.4;29.0;7.0;980.0;7.8;1000.0;8.0;1000.0;4.4;9.6;5.5;17.0;7.2;950.0;8.0;1000.0;4.1;8.2;4.9;12.5;6.8;980.0;7.8;1000.0;4.4;9.4;5.4;16.0;7.0;130.0;7.8;1000.0;2.92;4.5;10.5;1000.0;8.2;1000.0
2026-03-03;09:00:00;Thai League 2;Bangkok FC;Sisaket United;2.86;3.65;1.38;1.54;1.44;1.62;2.6;3.3;1.1;1.15;1.11;11.0;3.15;3.75;2.18;2.52;3.3;3.9;1.65;1.85;1.36;1.47;1.35;1.44;1.15;15.5;1.07;1.11;3.2;4.1;1.32;1.41;1.84;2.08;1.94;2.2;1.34;1.47;1.05;4.0;1.13;1.2;1.1;9.2;1.76;1.93;2.08;2.3;6.2;90.0;4.8;500.0;5.5;1000.0;7.0;1000.0;5.3;1000.0;4.9;19.0;5.1;23.0;6.6;1000.0;3.5;1000.0;3.7;500.0;5.9;1000.0;5.0;1000.0;3.1;1000.0;4.4;1000.0;3.2;1000.0;5.0;1000.0;4.4;1000.0;3.95;500.0;8.2;1000.0
2026-03-03;09:30:00;Turkish Cup;Istanbulspor;Boluspor;4.4;5.2;1.24;1.29;1.76;1.88;2.12;2.3;1.23;1.26;4.7;5.4;1.67;1.73;4.8;5.3;4.6;5.0;1.23;1.27;2.38;2.5;1.25;1.28;26.0;55.0;1.03;1.04;6.6;8.2;1.14;1.18;2.98;3.3;1.44;1.51;1.82;1.9;2.12;2.22;1.35;1.39;3.6;3.95;1.53;1.6;2.68;2.88;25.0;32.0;25.0;32.0;38.0;50.0;12.5;120.0;13.5;15.5;10.5;12.5;18.0;20.0;26.0;55.0;12.5;14.5;9.8;11.0;14.0;16.5;38.0;46.0;15.5;19.0;12.5;15.0;20.0;23.0;11.0;60.0;5.1;6.0;22.0;34.0;14.0;960.0
2026-03-03;10:00:00;Republic of North Macedonian Soccer;Gfk Osogovo Kocani;GFK Ohrid Lihnidos;2.34;3.25;1.44;1.75;1.32;1.47;3.1;4.2;1.06;1.12;1.11;18.0;4.1;6.0;1.87;2.12;3.0;3.6;1.89;2.16;1.2;1.28;1.4;1.5;1.27;11.0;1.1;1.16;2.6;3.75;1.42;1.57;1.62;1.9;2.1;2.62;1.23;1.35;1.05;5.3;1.08;1.11;1.1;16.0;1.97;2.22;1.82;2.04;4.3;1000.0;3.8;7.8;4.7;23.0;3.65;1000.0;5.1;1000.0;3.75;14.0;4.5;40.0;3.65;1000.0;3.7;1000.0;3.6;1000.0;3.55;1000.0;3.45;1000.0;3.65;1000.0;3.65;1000.0;3.55;1000.0;3.6;1000.0;3.6;1000.0;3.65;980.0;5.6;1000.0
2026-03-03;10:00:00;Republic of North Macedonian Soccer;KF Shkendija Haracine;FK Skopje;3.05;3.45;1.42;1.48;1.43;1.5;2.96;3.35;1.1;10.5;1.11;1000.0;2.04;2.26;3.5;4.7;3.25;4.6;1.29;1.38;1.79;1.97;1.33;1.45;1.27;1000.0;1.07;1.11;3.55;4.4;1.31;1.38;1.84;2.02;1.98;2.2;1.32;1.4;3.4;4.3;1.11;1.16;1.11;11.0;1.05;1000.0;1.05;1000.0;1.33;980.0;1.33;950.0;1.33;500.0;1.34;900.0;1.31;980.0;4.9;42.0;1.33;950.0;1.34;500.0;1.32;500.0;1.31;980.0;1.32;980.0;1.34;500.0;1.34;900.0;1.32;500.0;1.34;500.0;1.34;580.0;1.55;600.0;1.55;600.0;1.35;1000.0
2026-03-03;10:00:00;Republic of North Macedonian Soccer;FK Pobeda;FK Prespa Resen;1.05;1000.0;1.01;110.0;1.04;110.0;1.04;110.0;1.01;1000.0;1.11;1000.0;1.39;990.0;1.06;44.0;1.47;980.0;1.08;990.0;1.02;3.6;1.02;3.15;1.83;55.0;1.02;2.2;1.83;55.0;1.02;5.0;1.25;55.0;1.02;5.2;1.18;55.0;1.05;7.4;1.06;990.0;1.1;36.0;1.05;1000.0;1.05;1000.0;1.01;1000.0;1.01;1000.0;1.01;1000.0;1.01;1000.0;1.01;1000.0;1.01;1000.0;1.01;1000.0;1.01;1000.0;1.01;1000.0;1.01;1000.0;1.01;1000.0;1.01;1000.0;1.01;1000.0;1.01;1000.0;1.01;1000.0;1.01;1000.0;1.55;1000.0;1.01;1000.0;1.01;1000.0
2026-03-03;10:00:00;Republic of North Macedonian Soccer;Teteks Tetovo;Bregalnica Stip;2.8;3.75;1.37;1.56;1.44;1.67;2.5;3.3;1.1;1.18;1.11;11.0;4.7;5.9;1.7;1.9;3.55;4.4;2.1;2.42;1.2;1.27;1.3;1.4;11.0;17.0;1.06;1.1;3.6;4.5;1.28;1.39;1.9;2.34;1.83;2.12;1.35;1.51;2.92;3.85;1.13;1.21;5.9;8.8;1.8;2.06;1.96;2.26;5.4;16.5;4.3;9.4;4.7;11.5;5.8;20.0;14.5;19.0;4.3;9.4;4.7;11.0;5.8;20.0;6.8;44.0;16.5;22.0;16.0;21.0;6.8;40.0;7.6;1000.0;7.4;1000.0;7.4;210.0;7.6;1000.0;7.6;110.0;4.8;12.0;8.2;1000.0
2026-03-03;10:00:00;FIFA Ladies World Cup Qualifiers;Montenegro (W);Albania (W);3.3;3.55;1.39;1.44;1.48;1.54;2.86;3.05;1.12;1.15;7.6;9.4;1.92;2.02;3.75;4.3;3.75;4.3;1.01;1000.0;1.01;1000.0;1.01;1000.0;1.15;21.0;1.06;1.08;3.95;4.5;1.29;1.33;2.06;2.12;1.89;1.94;1.38;1.43;3.3;3.6;1.14;1.17;6.4;8.4;1.69;1.97;2.04;2.46;4.7;1000.0;4.7;1000.0;5.4;1000.0;4.2;1000.0;4.8;1000.0;3.95;42.0;4.7;1000.0;5.8;1000.0;5.7;1000.0;4.9;1000.0;4.8;1000.0;5.8;1000.0;5.2;900.0;5.1;1000.0;5.5;1000.0;6.0;1000.0;3.75;85.0;2.02;1000.0;6.4;1000.0
2026-03-03;10:00:00;Moldovan Cup;FC Milsami-Ursidos;CSF Spartanii;4.3;6.8;1.17;1.3;1.82;2.28;1.78;2.22;1.24;1.4;3.5;5.3;1.08;1.12;18.0;400.0;6.4;500.0;1.01;1.03;1.11;15.5;1.05;1.1;1.27;110.0;1.01;1.06;1.1;10.0;1.11;1.17;2.86;3.95;1.33;1.52;1.85;2.22;1.82;2.18;1.42;1.58;2.72;3.35;2.92;3.1;1.47;1.52;2.14;1000.0;4.2;1000.0;4.2;1000.0;4.2;1000.0;4.8;1000.0;6.0;1000.0;4.2;1000.0;4.2;1000.0;3.9;8.4;5.5;1000.0;2.18;1000.0;4.2;1000.0;3.8;8.0;5.5;1000.0;2.18;1000.0;2.22;1000.0;2.16;2.64;7.2;1000.0;7.4;1000.0
2026-03-03;10:00:00;Ugandan Premier League;Uganda Police;BUL FC;2.46;3.05;1.49;1.69;1.3;1.42;3.4;4.4;1.07;1.1;1.1;1000.0;1.79;2.1;4.4;6.0;3.05;3.85;1.2;1.28;1.9;2.26;1.36;1.49;1.15;11.0;1.11;1.15;2.6;3.25;1.45;1.61;1.57;1.75;2.3;2.74;1.21;1.28;3.95;6.0;1.07;1.1;1.1;15.5;2.0;2.38;1.72;2.0;4.7;19.0;3.5;1000.0;2.44;1000.0;2.56;1000.0;3.55;950.0;3.75;8.6;2.48;1000.0;3.9;1000.0;4.7;1000.0;5.0;1000.0;5.3;1000.0;2.52;1000.0;5.3;1000.0;5.3;1000.0;5.9;1000.0;4.0;1000.0;2.5;1000.0;5.7;1000.0;6.6;1000.0
2026-03-03;10:30:00;Indonesian Super League;Madura Utd;Malut United;3.5;3.75;1.36;1.4;1.55;1.58;2.72;2.82;1.15;1.16;7.2;7.8;3.4;3.6;2.06;2.14;4.0;4.3;1.87;1.95;1.38;1.42;1.3;1.34;17.0;21.0;1.05;1.06;4.5;4.7;1.27;1.29;2.2;2.28;1.78;1.83;1.45;1.49;3.05;3.2;1.18;1.2;6.0;6.6;1.74;36.0;1.05;2.34;14.5;1000.0;9.4;1000.0;12.0;1000.0;2.32;1000.0;12.5;34.0;8.0;1000.0;9.2;1000.0;16.5;1000.0;2.2;1000.0;12.5;25.0;15.0;1000.0;2.24;1000.0;2.22;1000.0;2.24;1000.0;2.34;1000.0;2.22;1000.0;2.22;1000.0;11.0;1000.0;4.8;1000.0
2026-03-03;10:30:00;Indonesian Super League;Persija Jakarta;Pusamania Borneo FC;3.3;3.5;1.4;1.44;1.5;1.52;2.92;3.1;1.13;1.14;8.0;9.0;1.77;1.82;5.0;5.4;3.9;4.1;1.22;1.24;2.22;2.3;1.32;1.35;15.0;17.5;1.06;1.08;4.0;4.3;1.31;1.33;2.0;2.08;1.93;1.99;1.4;1.41;3.4;3.6;1.15;1.16;7.2;7.8;1.05;1000.0;1.05;1000.0;13.0;25.0;8.8;19.0;21.0;42.0;10.5;130.0;8.2;9.2;5.7;9.0;8.4;20.0;9.8;1000.0;6.2;10.5;8.8;10.5;12.0;60.0;9.8;1000.0;15.5;18.0;10.5;30.0;20.0;36.0;10.0;580.0;10.0;11.5;12.5;80.0;11.0;1000.0
2026-03-03;11:00:00;Croatian Prva NL;NK Sesvete;NK Dubrava Zagreb;2.72;2.88;1.53;1.58;1.33;1.38;3.65;4.0;1.07;1.1;11.0;15.5;1.95;2.06;4.6;5.7;3.1;3.4;1.22;1.27;1.94;2.06;1.41;1.47;8.0;11.0;1.11;1.13;2.92;3.2;1.46;1.52;1.6;1.67;2.48;2.64;1.23;1.26;4.7;5.5;1.07;1.1;10.0;21.0;1.05;1000.0;1.05;110.0;2.9;980.0;3.25;980.0;1.95;980.0;1.99;900.0;3.2;980.0;3.6;42.0;9.0;980.0;1.99;700.0;4.9;980.0;5.0;980.0;1.91;980.0;1.99;700.0;2.12;980.0;2.08;980.0;1.97;500.0;1.99;500.0;1.78;60.0;1.83;700.0;2.24;1000.0
2026-03-03;11:00:00;Bulgarian A League;Beroe Stara Za;Slavia Sofia;2.82;3.0;1.5;1.55;1.37;1.41;3.45;3.7;1.08;1.11;10.0;13.5;3.0;3.3;2.72;2.84;2.98;3.3;1.54;1.59;1.44;1.49;1.44;1.5;8.0;13.5;1.09;1.12;3.15;3.45;1.41;1.46;1.72;1.8;2.26;2.38;1.27;1.3;4.3;4.8;1.09;1.11;9.2;15.5;1.06;1000.0;1.05;1000.0;10.5;90.0;5.1;1000.0;8.4;1000.0;1.87;980.0;5.6;980.0;5.5;42.0;7.6;980.0;1.86;980.0;9.0;980.0;7.6;980.0;13.5;990.0;1.87;980.0;1.87;500.0;1.86;980.0;1.87;500.0;1.9;580.0;6.6;600.0;6.6;980.0;1.89;1000.0
2026-03-03;11:00:00;FIFA Ladies World Cup Qualifiers;Türkiye (W);Malta (W);4.4;4.9;1.26;1.29;1.77;1.84;2.18;2.3;1.21;1.24;5.1;5.8;1.15;1.18;26.0;1000.0;7.8;11.0;1.02;1000.0;1.01;1000.0;1.01;1000.0;1.16;36.0;1.03;1.04;6.2;7.4;1.16;1.19;2.74;2.98;1.51;1.57;1.7;1.77;2.3;2.44;1.29;1.33;4.0;4.5;1.05;3.1;1.47;1000.0;4.7;36.0;5.4;1000.0;5.4;1000.0;5.5;1000.0;3.7;11.5;4.4;24.0;5.4;1000.0;5.4;1000.0;3.35;8.6;4.0;15.5;5.0;65.0;5.4;1000.0;3.45;9.2;4.2;17.5;5.1;70.0;5.4;1000.0;2.8;3.6;10.5;1000.0;5.5;1000.0
2026-03-03;11:00:00;Croatian Druga NL;NK Dugo Selo;NK Uljanik;3.2;3.75;1.38;1.45;1.47;1.55;2.78;3.2;1.11;1.16;6.4;1000.0;3.8;5.0;1.89;2.12;3.3;3.95;1.78;1.97;1.3;1.4;1.34;1.44;3.95;21.0;1.05;1.09;3.9;5.0;1.26;1.34;1.98;2.18;1.84;2.04;1.38;1.48;3.05;3.75;1.13;1.19;6.0;18.0;1.73;980.0;1.05;2.36;7.4;980.0;4.6;980.0;1.58;980.0;1.58;980.0;1.64;980.0;5.1;42.0;1.55;980.0;1.58;980.0;1.62;980.0;1.57;980.0;7.6;980.0;3.7;980.0;1.64;980.0;1.63;980.0;1.63;980.0;1.63;580.0;1.63;980.0;1.6;85.0;1.64;1000.0
2026-03-03;12:00:00;Azerbaijan Cup;Zira;FK Sumqayit;2.68;2.9;1.53;1.59;1.37;1.39;3.55;3.95;1.07;1.1;11.0;15.5;1.73;1.85;4.7;10.5;3.3;4.0;1.15;1.23;2.16;2.4;1.35;1.42;8.8;1000.0;1.09;1.12;2.94;3.2;1.45;1.51;1.65;1.75;2.32;2.54;1.25;1.29;4.3;5.2;1.08;1.11;4.5;18.0;1.05;1000.0;1.05;1000.0;5.1;980.0;7.0;980.0;1.91;980.0;1.93;900.0;3.85;980.0;5.1;42.0;3.25;980.0;1.92;700.0;4.4;980.0;6.4;980.0;2.46;980.0;1.92;700.0;8.4;980.0;3.15;980.0;1.87;980.0;1.93;580.0;4.4;29.0;1.93;700.0;1.93;1000.0
2026-03-03;12:00:00;FIFA Ladies World Cup Qualifiers;Slovakia (W);Latvia (W);5.5;6.4;1.19;1.22;2.04;2.14;1.88;1.97;1.3;1.35;3.9;4.3;1.08;1.11;40.0;1000.0;9.4;1000.0;1.01;1000.0;1.01;1000.0;1.01;1000.0;1.15;110.0;1.01;1.03;8.0;13.5;1.1;1.12;3.7;4.2;1.32;1.37;2.08;2.22;1.82;1.92;1.46;1.53;2.86;3.2;1.05;1000.0;1.05;1000.0;1.08;1000.0;1.08;1000.0;1.08;1000.0;1.09;1000.0;1.08;1000.0;1.08;1000.0;1.08;1000.0;1.08;1000.0;4.0;1000.0;1.08;1000.0;1.08;1000.0;1.08;1000.0;3.4;1000.0;1.08;1000.0;1.08;1000.0;1.08;1000.0;1.01;29.0;10.5;1000.0;1.09;1000.0
2026-03-03;12:00:00;FIFA Ladies World Cup Qualifiers;Kazakhstan (W);Armenia (W);3.4;3.7;1.37;1.41;1.51;1.57;2.76;2.96;1.13;1.16;7.2;8.8;1.53;1.6;6.2;23.0;4.1;5.0;1.01;1000.0;1.01;1000.0;1.01;1000.0;1.15;21.0;1.06;1.07;4.2;4.8;1.27;1.31;2.1;2.22;1.82;1.91;1.42;1.47;3.1;3.4;1.16;1.19;6.2;7.6;1.05;1000.0;1.05;1000.0;1.53;1000.0;4.2;1000.0;4.2;1000.0;4.2;1000.0;3.85;1000.0;4.7;1000.0;4.2;1000.0;4.2;1000.0;4.2;1000.0;4.6;1000.0;1.55;1000.0;4.2;1000.0;1.54;1000.0;1.54;1000.0;1.58;1000.0;1.6;1000.0;1.52;29.0;1.6;1000.0;1.6;1000.0
2026-03-03;13:00:00;AFC Champions League;Al Wahda (Abu Dhabi);Al-Ittihad;0.0;0.0;0.0;0.0;0.0;0.0;0.0;0.0;0.0;0.0;0.0;0.0;0.0;0.0;0.0;0.0;0.0;0.0;0.0;0.0;0.0;0.0;0.0;0.0;0.0;0.0;0.0;0.0;0.0;0.0;0.0;0.0;1.07;970.0;1.01;26.0;0.0;0.0;0.0;0.0;0.0;0.0;0.0;0.0;0.0;0.0;0.0;0.0;0.0;0.0;0.0;0.0;0.0;0.0;0.0;0.0;0.0;0.0;0.0;0.0;0.0;0.0;0.0;0.0;0.0;0.0;0.0;0.0;0.0;0.0;0.0;0.0;0.0;0.0;0.0;0.0;0.0;0.0;0.0;0.0;0.0;0.0;0.0;0.0;0.0;0.0
2026-03-03;13:00:00;Czech Cup;FK Jablonec;Slavia Prague;3.2;3.45;1.41;1.45;1.46;1.51;2.96;3.2;1.11;1.14;8.0;10.5;5.0;5.8;1.7;1.77;4.0;4.5;2.28;2.44;1.2;1.23;1.29;1.34;1.15;21.0;1.07;1.09;3.75;4.1;1.33;1.36;1.95;2.02;1.98;2.06;1.37;1.39;3.5;3.9;1.13;1.16;7.0;10.5;1.94;1000.0;1.05;2.06;6.6;1000.0;5.1;1000.0;5.6;1000.0;8.2;1000.0;8.4;1000.0;5.8;42.0;5.8;1000.0;8.8;1000.0;1.85;1000.0;9.0;1000.0;1.8;1000.0;1.84;1000.0;1.87;1000.0;1.86;1000.0;1.86;1000.0;1.86;1000.0;1.87;1000.0;2.5;29.0;1.87;1000.0
2026-03-03;13:00:00;Ukrainian Cup;Dynamo Kiev;Inhulets Petrove;6.8;10.5;1.11;1.16;2.34;2.9;1.53;1.75;1.47;1.63;2.58;3.25;1.03;1.04;70.0;500.0;30.0;350.0;1.01;1000.0;27.0;48.0;1.02;1.03;26.0;1000.0;1.01;1.02;15.0;26.0;1.04;1.07;5.6;7.4;1.16;1.21;3.0;3.35;1.44;1.5;1.89;2.04;1.97;2.14;2.96;3.9;1.35;1.51;18.0;1000.0;4.2;1000.0;4.2;1000.0;4.2;1000.0;6.6;1000.0;8.2;1000.0;4.2;1000.0;4.2;1000.0;5.5;1000.0;7.2;1000.0;1.57;1000.0;4.2;1000.0;7.0;1000.0;6.8;1000.0;2.42;1000.0;8.8;1000.0;1.48;1.71;9.0;1000.0;9.0;1000.0
2026-03-03;13:00:00;FIFA Ladies World Cup Qualifiers;Kosovo (W);Gibraltar (W);1.2;1000.0;1.09;1.15;1.04;1000.0;1.32;55.0;1.53;1000.0;1.1;1000.0;1.01;1.02;80.0;1000.0;40.0;200.0;1.01;1000.0;1.01;1000.0;1.01;1000.0;1.15;1000.0;1.01;1.03;1.1;36.0;1.03;1.06;1.24;11.0;1.11;1.2;2.96;1000.0;1.37;1.51;1.98;2.62;1.62;2.02;1.05;1000.0;1.05;1000.0;1.08;1000.0;1.09;1000.0;1.09;1000.0;1.09;1000.0;1.08;1000.0;1.08;1000.0;1.09;1000.0;1.09;1000.0;1.08;1000.0;1.08;1000.0;1.08;1000.0;1.09;1000.0;1.08;1000.0;1.08;1000.0;1.08;1000.0;1.08;1000.0;1.01;29.0;10.5;1000.0;1.09;1000.0
2026-03-03;13:00:00;FIFA Ladies World Cup Qualifiers;Romania (W);Moldova (W);1.2;1000.0;1.19;1.23;1.04;2.2;1.84;26.0;1.3;1.36;1.1;1000.0;1.07;1.09;48.0;1000.0;10.5;1000.0;1.01;1000.0;1.01;1000.0;1.01;1.08;1.15;110.0;1.01;1.03;1.1;21.0;1.09;1.12;3.75;4.0;1.33;1.36;2.12;2.18;1.84;1.9;1.48;1.53;2.88;3.1;1.05;3.5;1.4;1000.0;1.08;1000.0;1.08;1000.0;1.08;1000.0;1.08;1000.0;1.08;1000.0;1.08;1000.0;1.08;1000.0;1.08;1000.0;1.08;1000.0;1.08;1000.0;1.08;1000.0;1.08;1000.0;1.08;1000.0;1.08;1000.0;1.08;1000.0;1.08;1000.0;1.01;29.0;10.5;1000.0;1.08;1000.0
2026-03-03;13:30:00;Bulgarian A League;Botev Plovdiv;Septemvri;3.3;3.55;1.39;1.43;1.5;1.54;2.86;3.0;1.12;1.15;7.8;9.4;1.48;1.52;7.2;9.8;4.5;5.1;1.11;1.15;2.92;3.15;1.25;1.28;14.5;990.0;1.06;1.08;3.95;4.4;1.3;1.33;2.02;2.12;1.89;1.99;1.38;1.43;3.3;3.65;1.14;1.17;6.8;8.2;1.05;1000.0;1.05;1000.0;10.5;980.0;12.5;980.0;4.2;1000.0;4.2;1000.0;4.4;980.0;8.0;42.0;14.0;980.0;4.2;1000.0;4.4;980.0;5.8;980.0;14.0;980.0;4.2;520.0;6.4;980.0;8.4;980.0;2.76;980.0;2.16;1000.0;2.4;29.0;4.2;1000.0;2.52;1000.0
2026-03-03;13:30:00;FIFA Ladies World Cup Qualifiers;Greece (W);Georgia (W);4.7;5.2;1.24;1.27;1.82;1.9;2.1;2.22;1.23;1.27;4.7;5.4;1.12;1.15;6.6;70.0;8.4;1000.0;1.01;1000.0;1.01;1000.0;1.01;1000.0;1.15;55.0;1.02;1.04;6.4;8.2;1.14;1.17;2.92;3.25;1.46;1.51;1.78;1.87;2.16;2.3;1.33;1.37;3.65;4.1;1.05;3.0;1.5;1000.0;1.08;1000.0;1.08;1000.0;1.08;1000.0;1.09;1000.0;1.08;1000.0;1.08;1000.0;1.08;1000.0;1.08;1000.0;1.08;1000.0;1.08;1000.0;1.08;1000.0;1.08;1000.0;1.08;1000.0;1.08;1000.0;1.08;1000.0;1.08;1000.0;1.01;29.0;10.5;1000.0;1.09;1000.0
2026-03-03;13:45:00;FIFA Ladies World Cup Qualifiers;Germany (W);Slovenia (W);5.8;6.6;1.18;1.21;2.14;2.26;1.8;1.87;1.34;1.38;3.65;3.95;1.03;1.05;48.0;180.0;19.5;980.0;1.01;1000.0;1.01;1000.0;1.01;1000.0;1.15;110.0;1.01;1.03;10.0;15.5;1.08;1.1;4.3;4.5;1.28;1.3;2.3;2.46;1.69;1.76;1.58;1.65;2.54;2.74;1.05;3.6;1.38;1000.0;1.08;1000.0;1.08;1000.0;1.08;1000.0;1.08;1000.0;1.08;1000.0;1.08;1000.0;1.08;1000.0;1.08;1000.0;1.08;1000.0;1.08;1000.0;1.08;1000.0;1.08;1000.0;1.08;1000.0;1.08;1000.0;1.08;1000.0;1.08;1000.0;1.01;29.0;10.5;1000.0;1.08;1000.0
2026-03-03;14:00:00;Italian Serie C;Lumezzane;Arzignanochiampo;2.82;3.0;1.5;1.55;1.39;1.41;3.45;3.75;1.09;1.11;10.0;13.5;2.2;2.34;3.65;4.2;3.1;3.5;1.32;1.37;1.74;1.84;1.41;1.47;3.25;13.5;1.1;1.12;3.2;3.5;1.4;1.45;1.74;1.82;2.2;2.36;1.27;1.3;4.2;4.8;1.09;1.12;4.3;13.5;1.05;2.04;1.98;110.0;5.1;980.0;5.6;23.0;9.0;980.0;2.48;900.0;5.1;980.0;4.2;42.0;6.6;500.0;2.78;980.0;6.8;980.0;5.5;24.0;5.2;60.0;2.48;500.0;3.2;500.0;3.15;120.0;2.4;980.0;2.9;1000.0;6.6;600.0;2.76;600.0;2.5;1000.0
2026-03-03;14:00:00;Italian Serie C;AC Ospitaletto;Aurora Pro Patria 1919;2.86;3.05;1.49;1.54;1.4;1.42;3.4;3.6;1.09;1.11;10.0;13.0;1.84;1.95;5.0;5.6;3.4;3.8;1.21;1.25;2.04;2.22;1.35;1.41;9.6;12.5;1.09;1.11;3.15;3.45;1.41;1.46;1.72;1.8;2.24;2.4;1.29;1.3;4.3;4.8;1.1;1.11;9.8;12.0;1.88;2.32;1.76;2.14;9.6;12.0;12.5;32.0;8.4;500.0;8.6;1000.0;6.4;7.6;6.8;8.4;11.5;500.0;8.4;1000.0;9.0;11.0;8.8;11.0;13.0;60.0;8.4;1000.0;9.6;60.0;10.5;65.0;7.8;500.0;9.4;1000.0;14.5;36.0;8.6;1000.0;9.2;1000.0
2026-03-03;14:00:00;Italian Serie C;ASD Alcione;Giana Erminio;2.32;2.44;1.69;1.76;1.26;1.28;4.6;5.0;1.05;1.07;15.0;21.0;2.68;3.0;3.15;3.6;2.8;3.0;1.4;1.46;1.51;1.59;1.5;1.56;6.0;7.8;1.16;1.19;2.34;2.48;1.68;1.74;1.42;1.48;3.05;3.35;1.15;1.18;6.4;8.2;1.05;1.07;13.5;26.0;2.18;2.48;1.67;1.84;6.2;16.0;5.0;17.5;9.0;500.0;6.8;900.0;6.4;17.5;5.9;12.0;8.4;500.0;6.8;980.0;7.6;48.0;7.6;34.0;5.8;980.0;7.2;500.0;6.4;500.0;6.4;980.0;7.2;1000.0;7.2;1000.0;6.8;980.0;9.8;980.0;7.4;1000.0
2026-03-03;14:00:00;Italian Serie C;Pergolettese;Pro Vercelli;2.64;2.82;1.55;1.61;1.34;1.36;3.75;4.1;1.07;1.09;12.0;15.5;2.82;3.05;2.82;3.05;2.94;3.25;1.48;1.55;1.48;1.54;1.44;1.51;7.6;11.0;1.12;1.14;2.84;3.0;1.5;1.54;1.64;1.65;2.52;2.7;1.22;1.24;5.0;5.8;1.07;1.09;10.0;18.0;1.99;2.24;1.81;2.02;8.0;9.8;5.1;9.2;14.5;34.0;7.2;320.0;7.6;9.4;6.2;7.6;11.5;26.0;16.0;120.0;8.6;34.0;11.5;14.5;11.5;38.0;7.4;500.0;7.4;500.0;19.5;120.0;7.4;500.0;8.2;1000.0;8.0;980.0;8.6;500.0;8.4;1000.0
2026-03-03;14:00:00;Romanian Cup;Universitatea Cluj;Hermannstadt;3.1;3.3;1.43;1.48;1.43;1.48;3.1;3.3;1.1;1.12;8.6;11.0;1.64;1.67;6.4;7.4;3.8;4.3;1.16;1.19;2.46;2.6;1.31;1.35;11.0;15.0;1.08;1.09;3.55;3.95;1.37;1.38;1.86;1.95;2.04;2.16;1.32;1.36;3.7;4.2;1.11;1.14;7.8;9.8;1.96;2.2;1.84;2.04;9.4;13.5;20.0;26.0;9.0;980.0;8.6;1000.0;6.2;7.6;7.6;9.2;20.0;26.0;28.0;1000.0;7.8;9.6;6.2;10.5;20.0;40.0;8.6;1000.0;7.8;17.5;9.0;20.0;18.5;250.0;8.6;1000.0;9.8;12.5;9.0;1000.0;9.2;1000.0
2026-03-03;14:00:00;FIFA Ladies World Cup Qualifiers;Austria (W);Norway (W);3.05;3.3;1.44;1.49;1.42;1.47;3.1;3.4;1.1;1.13;8.6;11.0;3.6;4.2;2.06;2.18;3.4;3.8;1.01;1000.0;1.01;1000.0;1.01;1000.0;1.15;1000.0;1.07;1.1;3.45;3.6;1.38;1.4;1.83;1.91;2.08;2.22;1.31;1.35;3.8;4.3;1.11;1.14;7.6;18.0;1.05;1000.0;1.05;1000.0;1.69;1000.0;4.0;1000.0;1.68;1000.0;1.74;1000.0;1.7;1000.0;3.6;42.0;1.67;1000.0;1.74;1000.0;1.77;1000.0;1.72;1000.0;1.73;1000.0;1.78;1000.0;1.8;1000.0;1.79;1000.0;1.79;1000.0;1.81;1000.0;1.8;1000.0;1.75;85.0;1.81;1000.0
2026-03-03;14:00:00;FIFA Ladies World Cup Qualifiers;Ukraine (W);England (W);6.2;7.2;1.16;1.19;2.28;2.38;1.72;1.78;1.38;1.42;3.35;3.65;50.0;130.0;1.03;1.05;20.0;110.0;1.01;1000.0;1.01;1000.0;1.01;1000.0;1.15;1000.0;1.01;1.02;1.1;18.0;1.06;1.09;4.8;5.6;1.22;1.26;2.56;2.74;1.58;1.64;1.69;1.77;2.28;2.46;1.05;4.0;1.33;1000.0;1.08;1000.0;1.08;1000.0;1.08;1000.0;1.08;1000.0;1.08;1000.0;1.08;1000.0;1.08;1000.0;1.08;1000.0;1.08;1000.0;1.08;1000.0;1.08;1000.0;1.08;1000.0;1.09;1000.0;1.08;1000.0;1.08;1000.0;1.08;1000.0;10.5;1000.0;1.01;29.0;1.09;1000.0
2026-03-03;14:00:00;FIFA Ladies World Cup Qualifiers;Poland (W);Netherlands (W);3.8;4.1;1.32;1.36;1.61;1.67;2.5;2.64;1.16;1.19;6.2;7.4;7.0;18.0;1.4;1.45;4.8;6.2;1.01;1000.0;1.01;1000.0;1.01;1000.0;1.15;36.0;1.04;1.06;5.0;5.8;1.21;1.25;2.36;2.52;1.66;1.74;1.53;1.59;2.7;2.9;1.21;1.24;5.1;5.9;1.05;1000.0;1.05;1000.0;3.05;1000.0;4.2;12.0;3.95;11.0;2.66;13.5;4.2;50.0;2.8;18.0;2.66;13.5;2.82;19.0;4.2;1000.0;4.2;110.0;12.0;42.0;3.1;50.0;4.2;1000.0;4.2;1000.0;4.2;1000.0;3.3;1000.0;10.5;1000.0;3.45;6.4;3.3;1000.0
2026-03-03;14:00:00;FIFA Ladies World Cup Qualifiers;Denmark (W);Serbia (W);3.9;4.3;1.3;1.34;1.64;1.71;2.42;2.56;1.17;1.2;6.0;6.8;1.26;1.3;6.0;24.0;5.5;8.0;1.01;1000.0;1.01;1000.0;1.01;1000.0;1.15;36.0;1.03;1.06;5.3;6.2;1.2;1.23;2.44;2.62;1.62;1.69;1.57;1.63;2.58;2.76;1.23;1.26;4.7;5.6;1.05;2.2;1.83;1000.0;1.52;1000.0;1.54;1000.0;1.56;1000.0;1.56;1000.0;4.2;1000.0;1.48;1000.0;1.54;1000.0;1.56;1000.0;3.6;1000.0;1.47;1000.0;1.53;1000.0;1.56;1000.0;3.95;1000.0;1.5;1000.0;1.54;1000.0;1.56;1000.0;1.41;29.0;10.5;1000.0;1.56;1000.0
2026-03-03;14:00:00;Slovakian Cup;Podbrezova;Spartak Trnava;3.9;4.3;1.3;1.34;1.64;1.7;2.42;2.56;1.17;1.2;6.0;6.8;2.64;2.88;2.5;2.74;3.75;4.2;1.58;1.66;1.53;1.61;1.32;1.37;5.3;36.0;1.04;1.06;5.2;6.0;1.2;1.23;2.44;2.6;1.63;1.7;1.57;1.64;2.56;2.76;1.23;1.26;4.7;5.6;1.6;1.65;2.54;2.66;19.5;44.0;13.0;16.0;15.5;21.0;16.0;900.0;13.5;16.5;8.2;9.8;10.5;13.0;18.5;26.0;17.0;80.0;11.0;13.5;12.5;15.5;16.0;95.0;8.2;230.0;19.0;980.0;16.0;95.0;9.4;580.0;14.0;17.0;13.0;15.5;10.0;1000.0
2026-03-03;14:15:00;FIFA Ladies World Cup Qualifiers;Italy (W);Sweden (W);3.05;3.3;1.44;1.49;1.42;1.47;3.1;3.35;1.1;1.13;8.6;11.0;3.4;3.95;2.16;2.34;3.3;3.75;1.01;1000.0;1.01;1000.0;1.01;1000.0;10.0;1000.0;1.07;1.1;3.55;3.95;1.34;1.39;1.84;1.95;2.06;2.18;1.32;1.36;3.7;4.2;1.11;1.14;7.6;11.0;1.05;1000.0;1.05;1000.0;1.62;1000.0;4.1;1000.0;1.62;1000.0;1.69;1000.0;1.62;1000.0;3.6;42.0;5.0;1000.0;1.67;1000.0;1.68;1000.0;1.63;1000.0;1.68;1000.0;1.7;1000.0;1.71;1000.0;1.7;1000.0;1.71;1000.0;1.72;1000.0;1.72;1000.0;1.68;85.0;1.73;1000.0
2026-03-03;14:30:00;South African Premier Division;Richards Bay FC;Kaizer Chiefs;2.32;2.44;1.69;1.76;1.25;1.28;4.5;5.0;1.04;1.07;15.0;36.0;4.8;5.4;2.06;2.14;3.05;3.25;1.87;1.95;1.23;1.26;1.45;1.49;6.2;7.6;1.16;1.19;2.32;2.46;1.69;1.75;1.41;1.46;3.15;3.4;1.14;1.16;6.8;8.2;1.04;1.06;15.5;55.0;2.16;2.7;1.59;1.87;3.85;90.0;3.5;980.0;5.1;980.0;3.8;980.0;5.8;980.0;4.4;42.0;5.7;980.0;2.02;980.0;14.5;170.0;10.5;980.0;2.0;980.0;1.93;460.0;1.95;1000.0;1.95;1000.0;1.95;1000.0;1.95;1000.0;1.94;600.0;2.02;980.0;1.95;1000.0
2026-03-03;14:30:00;South African Premier Division;Siwelele FC;Stellenbosch FC;2.16;2.26;1.8;1.87;1.21;1.24;5.1;5.7;1.04;1.06;17.5;26.0;3.05;3.2;3.1;3.35;2.64;2.82;1.42;1.46;1.46;1.5;1.55;1.61;5.3;6.0;1.2;1.23;2.12;2.22;1.82;1.88;1.34;1.38;3.6;3.95;1.12;1.13;8.2;10.5;1.03;1.05;10.5;110.0;2.32;3.05;1.49;1.76;5.4;6.2;6.4;7.8;8.0;38.0;8.0;1000.0;6.2;7.6;6.2;7.4;7.4;27.0;8.2;1000.0;9.2;42.0;13.5;28.0;14.0;500.0;8.4;1000.0;8.2;900.0;8.0;1000.0;8.4;1000.0;9.0;1000.0;8.4;1000.0;8.4;1000.0;9.2;1000.0
2026-03-03;14:30:00;South African Premier Division;TS Galaxy FC;Orbit College FC;2.42;2.56;1.64;1.7;1.27;1.31;4.2;4.7;1.06;1.08;13.5;18.0;1.85;1.93;5.5;6.4;3.2;3.45;1.19;1.23;2.06;2.18;1.41;1.45;6.8;8.2;1.14;1.17;2.46;2.64;1.61;1.68;1.46;1.52;2.92;3.15;1.16;1.18;6.2;7.4;1.05;1.07;15.0;21.0;2.4;2.68;1.6;1.67;4.7;14.0;7.0;34.0;8.8;980.0;10.0;1000.0;5.1;5.9;4.9;14.0;9.0;980.0;10.0;1000.0;5.2;11.0;7.0;30.0;8.0;980.0;10.0;1000.0;9.0;900.0;13.0;980.0;6.8;460.0;12.0;1000.0;7.8;29.0;10.5;1000.0;4.3;1000.0
2026-03-03;14:30:00;Turkish Cup;Alanyaspor;Galatasaray;3.5;3.75;1.36;1.4;1.54;1.59;2.7;2.84;1.14;1.16;7.2;8.0;2.82;2.84;2.74;2.78;3.45;3.55;1.56;1.58;1.54;1.55;1.39;1.4;15.5;17.5;1.06;1.07;4.5;4.9;1.26;1.28;2.18;2.3;1.78;1.85;1.46;1.51;2.96;3.2;1.18;1.21;5.8;6.8;1.64;1.74;2.36;2.58;15.0;17.5;12.5;14.0;17.0;20.0;16.0;42.0;12.0;13.5;7.4;8.2;11.5;13.0;24.0;28.0;17.0;19.0;11.0;13.0;13.5;15.5;30.0;38.0;34.0;42.0;24.0;27.0;30.0;36.0;14.0;430.0;17.0;21.0;18.5;21.0;18.5;1000.0
2026-03-03;14:30:00;Turkish Cup;Basaksehir;Trabzonspor;3.95;4.3;1.31;1.34;1.64;1.7;2.42;2.56;1.18;1.2;6.0;6.6;2.24;2.34;3.05;3.15;3.9;4.2;1.46;1.49;1.74;1.8;1.31;1.35;17.0;36.0;1.04;1.05;5.5;6.2;1.19;1.22;2.54;2.68;1.6;1.65;1.61;1.66;2.5;2.64;1.25;1.28;4.5;5.0;1.54;1.72;2.38;2.86;21.0;25.0;16.0;19.5;22.0;28.0;8.4;55.0;13.0;15.5;8.4;10.5;12.0;15.0;16.0;34.0;15.0;18.5;9.8;12.0;13.0;15.5;21.0;36.0;15.5;30.0;17.5;22.0;16.5;29.0;8.4;60.0;10.0;12.0;17.5;22.0;15.0;1000.0
2026-03-03;14:30:00;FIFA Ladies World Cup Qualifiers;Czechia (W);Wales (W);3.55;3.9;1.35;1.39;1.54;1.6;2.66;2.86;1.14;1.17;6.8;8.2;2.5;2.74;2.78;3.05;3.4;3.8;1.01;1000.0;1.01;1000.0;1.01;1000.0;1.15;26.0;1.05;1.07;4.5;5.2;1.24;1.28;2.18;2.32;1.76;1.85;1.47;1.53;2.88;3.15;1.18;1.21;5.6;7.0;1.05;1000.0;1.05;1000.0;1.51;980.0;1.52;980.0;1.52;980.0;1.57;980.0;1.49;980.0;3.7;980.0;1.51;980.0;1.55;980.0;1.55;980.0;1.48;980.0;1.48;980.0;1.57;980.0;1.57;980.0;1.54;980.0;1.57;980.0;1.56;580.0;1.55;980.0;1.57;980.0;1.57;1000.0
2026-03-03;15:00:00;FIFA Ladies World Cup Qualifiers;Switzerland (W);Northern Ireland (W);4.8;6.0;1.21;1.26;1.89;2.02;1.98;2.14;1.25;1.3;4.2;5.1;1.14;1.19;7.6;980.0;6.6;19.0;1.01;1000.0;1.01;1000.0;1.01;1000.0;1.15;55.0;1.02;1.04;1.1;11.0;1.1;1.16;3.2;3.8;1.35;1.45;1.9;2.06;1.94;2.12;1.39;1.48;3.0;3.6;1.87;1000.0;1.05;2.14;1.34;1000.0;1.34;1000.0;1.34;1000.0;1.34;1000.0;1.29;1000.0;1.34;1000.0;1.34;1000.0;1.34;1000.0;1.27;1000.0;1.28;1000.0;1.34;1000.0;1.34;1000.0;1.28;1000.0;1.29;1000.0;1.32;1000.0;1.34;1000.0;1.23;29.0;10.5;1000.0;1.34;1000.0
2026-03-03;15:00:00;FIFA Ladies World Cup Qualifiers;Spain (W);Iceland (W);5.9;7.0;1.17;1.2;2.22;2.34;1.75;1.82;1.36;1.4;3.5;3.75;1.07;1.09;48.0;100.0;15.5;34.0;1.01;1000.0;1.01;1000.0;1.01;1000.0;1.15;110.0;1.01;1.03;9.2;21.0;1.08;1.11;4.3;4.8;1.27;1.3;2.36;2.5;1.67;1.73;1.6;1.67;2.48;2.66;1.05;1000.0;1.05;1000.0;1.09;1000.0;1.09;1000.0;1.09;1000.0;1.09;1000.0;1.09;1000.0;1.09;1000.0;1.09;1000.0;1.09;1000.0;1.09;1000.0;1.09;1000.0;1.09;1000.0;1.09;1000.0;1.09;1000.0;1.09;1000.0;1.09;1000.0;1.09;1000.0;1.01;29.0;10.5;1000.0;1.09;1000.0
2026-03-03;15:00:00;FIFA Ladies World Cup Qualifiers;Andorra (W);Hungary (W);5.5;7.4;1.17;1.21;2.06;2.24;1.81;1.93;1.32;1.37;3.65;4.3;14.0;760.0;1.04;1.06;6.0;1000.0;1.01;1000.0;1.01;1000.0;1.01;1000.0;1.15;110.0;1.01;1.04;1.1;970.0;1.09;1.13;3.7;4.6;1.28;1.37;2.12;2.38;1.73;1.88;1.51;1.64;2.56;2.98;1.05;3.8;1.35;1000.0;1.08;1000.0;1.08;1000.0;1.08;1000.0;1.08;1000.0;1.08;1000.0;1.08;1000.0;1.08;1000.0;1.08;1000.0;1.08;1000.0;1.08;1000.0;1.08;1000.0;1.08;1000.0;1.08;1000.0;1.08;1000.0;1.08;1000.0;1.08;1000.0;10.5;1000.0;1.01;29.0;1.08;1000.0
2026-03-03;15:00:00;FIFA Ladies World Cup Qualifiers;Liechtenstein (W);Lithuania (W);5.5;7.8;1.16;1.21;2.12;2.3;1.78;1.9;1.33;1.39;3.5;4.1;1.52;1000.0;1.04;1.09;3.05;980.0;1.01;1000.0;1.01;1000.0;1.01;1000.0;1.15;110.0;1.01;1.04;1.1;15.5;1.07;1.12;3.7;7.8;1.28;1.37;2.12;2.38;1.73;1.88;1.51;1.63;2.58;2.98;1.05;4.0;1.33;1000.0;1.08;1000.0;1.08;1000.0;1.08;1000.0;1.08;1000.0;1.08;1000.0;1.08;1000.0;1.08;1000.0;1.08;1000.0;1.08;1000.0;1.08;1000.0;1.08;1000.0;1.08;1000.0;1.08;1000.0;1.08;1000.0;1.08;1000.0;1.08;1000.0;10.5;1000.0;1.01;29.0;1.08;1000.0
2026-03-03;15:00:00;Italian Serie B;Padova;Spezia;2.8;2.92;1.52;1.56;1.36;1.39;3.55;3.75;1.09;1.1;11.0;12.5;3.0;3.05;2.9;2.96;3.05;3.1;1.51;1.53;1.49;1.5;1.47;1.49;8.8;10.0;1.11;1.13;3.1;3.2;1.45;1.47;1.67;1.7;2.42;2.48;1.25;1.26;4.7;5.0;1.08;1.1;11.0;13.0;1.92;2.08;1.93;2.1;8.6;10.0;5.9;9.6;16.0;44.0;23.0;46.0;7.8;10.5;6.2;7.0;12.0;13.0;32.0;38.0;16.5;18.0;7.6;13.5;13.5;21.0;27.0;60.0;23.0;50.0;18.0;38.0;12.5;60.0;130.0;140.0;11.5;42.0;11.0;600.0;15.0;1000.0
2026-03-03;15:00:00;German 3 Liga;VfL Osnabruck;Viktoria Koln;3.15;3.35;1.43;1.47;1.44;1.48;3.05;3.25;1.12;1.13;8.6;9.4;1.85;1.92;4.7;5.2;3.75;3.9;1.25;1.28;2.08;2.18;1.35;1.37;12.0;15.5;1.07;1.08;3.7;3.95;1.34;1.37;1.89;1.96;2.04;2.12;1.34;1.37;3.7;3.95;1.14;1.15;7.4;8.8;1.84;2.06;1.94;2.18;6.6;980.0;7.6;980.0;2.56;980.0;2.26;1000.0;5.1;980.0;4.9;42.0;9.2;980.0;2.22;1000.0;5.8;980.0;5.8;980.0;9.0;980.0;2.24;1000.0;9.0;980.0;9.0;980.0;2.8;980.0;2.24;1000.0;3.0;85.0;2.24;1000.0;3.0;1000.0
2026-03-03;15:00:00;German 3 Liga;SSV Ulm;Hoffenheim II;3.9;4.3;1.31;1.34;1.65;1.7;2.42;2.54;1.17;1.2;6.0;7.0;2.38;2.46;2.88;3.05;3.8;4.2;1.48;1.53;1.68;1.73;1.32;1.36;15.0;36.0;1.04;1.05;5.5;6.0;1.2;1.22;2.52;2.64;1.61;1.65;1.61;1.65;2.52;2.64;1.24;1.27;4.7;5.2;1.05;980.0;1.05;980.0;10.5;980.0;7.6;980.0;10.5;980.0;2.46;980.0;7.0;980.0;5.1;980.0;6.2;980.0;3.15;980.0;9.0;980.0;9.2;16.0;6.8;27.0;3.15;980.0;2.78;980.0;11.0;980.0;3.15;980.0;2.48;580.0;3.0;600.0;3.55;980.0;2.36;960.0
2026-03-03;15:00:00;German 3 Liga;Verl;Jahn Regensburg;4.1;4.4;1.3;1.33;1.68;1.73;2.38;2.48;1.18;1.21;5.8;6.4;1.73;1.78;4.7;5.2;4.3;4.6;1.24;1.27;2.28;2.38;1.29;1.31;21.0;36.0;1.04;1.05;5.6;6.4;1.19;1.21;2.58;2.7;1.59;1.63;1.63;1.67;2.48;2.6;1.26;1.28;4.5;4.9;1.63;980.0;1.06;2.58;10.5;25.0;11.5;26.0;2.72;980.0;2.56;900.0;10.5;980.0;5.1;10.5;9.0;980.0;2.56;980.0;11.0;980.0;9.0;15.0;7.6;17.0;2.5;250.0;8.8;980.0;14.0;980.0;17.5;980.0;2.48;330.0;6.6;29.0;3.5;980.0;2.56;1000.0
2026-03-03;15:00:00;German 3 Liga;1860 Munich;Erzgebirge;3.7;3.8;1.36;1.37;1.55;1.6;2.68;2.82;1.14;1.17;7.0;8.2;1.81;1.85;4.7;4.9;3.9;4.2;1.25;1.27;2.16;2.24;1.31;1.34;11.0;26.0;1.05;1.07;4.5;4.9;1.26;1.28;2.16;2.26;1.79;1.85;1.47;1.49;3.0;3.1;1.18;1.2;5.9;6.8;1.7;2.04;1.98;2.42;10.5;980.0;8.8;980.0;1.97;980.0;1.76;900.0;5.8;980.0;4.9;42.0;1.9;980.0;1.98;700.0;6.4;980.0;5.8;980.0;7.8;980.0;1.98;700.0;9.6;980.0;8.4;980.0;4.1;980.0;1.75;580.0;2.48;85.0;2.08;700.0;1.76;1000.0
2026-03-03;15:00:00;German 3 Liga;Stuttgart II;Cottbus;3.9;4.2;1.32;1.35;1.63;1.68;2.48;2.6;1.16;1.19;6.2;7.2;2.64;2.78;2.66;2.78;3.7;3.95;1.56;1.61;1.56;1.61;1.33;1.37;21.0;25.0;1.04;1.05;5.3;5.8;1.21;1.23;2.42;2.52;1.66;1.7;1.57;1.6;2.66;2.76;1.22;1.25;5.0;5.6;1.6;980.0;1.05;2.66;10.5;980.0;7.4;980.0;3.55;980.0;2.28;980.0;7.4;19.0;5.1;42.0;6.0;980.0;3.35;980.0;3.5;980.0;6.0;980.0;6.8;980.0;2.46;980.0;2.24;900.0;3.6;980.0;2.6;980.0;2.1;580.0;3.05;980.0;3.55;980.0;2.04;960.0
2026-03-03;15:15:00;AFC Champions League;Al-Sadd;Al-Hilal;0.0;0.0;0.0;0.0;0.0;0.0;0.0;0.0;0.0;0.0;0.0;0.0;0.0;0.0;0.0;0.0;0.0;0.0;0.0;0.0;0.0;0.0;0.0;0.0;0.0;0.0;0.0;0.0;0.0;0.0;0.0;0.0;1.07;970.0;1.01;26.0;0.0;0.0;0.0;0.0;0.0;0.0;0.0;0.0;0.0;0.0;0.0;0.0;0.0;0.0;0.0;0.0;0.0;0.0;0.0;0.0;0.0;0.0;0.0;0.0;0.0;0.0;0.0;0.0;0.0;0.0;0.0;0.0;0.0;0.0;0.0;0.0;0.0;0.0;0.0;0.0;0.0;0.0;0.0;0.0;0.0;0.0;0.0;0.0;0.0;0.0
2026-03-03;15:30:00;FIFA Ladies World Cup Qualifiers;Rep of Ireland (W);France (W);3.6;3.95;1.34;1.38;1.58;1.62;2.62;2.78;1.14;1.17;6.8;8.2;9.8;1000.0;1.23;1.27;5.8;15.0;1.01;1000.0;1.01;1000.0;1.01;1000.0;1.15;36.0;1.04;1.07;4.5;5.1;1.25;1.28;2.2;2.34;1.75;1.84;1.45;1.51;2.94;3.25;1.17;1.21;5.7;7.0;1.05;2.7;1.58;1000.0;1.09;1000.0;1.09;1000.0;1.09;1000.0;1.09;1000.0;1.09;1000.0;1.09;1000.0;1.09;1000.0;1.09;1000.0;1.09;1000.0;1.09;1000.0;1.09;1000.0;1.09;1000.0;1.09;1000.0;1.09;1000.0;1.09;1000.0;1.09;1000.0;10.5;1000.0;1.02;29.0;1.09;1000.0
2026-03-03;15:30:00;FIFA Ladies World Cup Qualifiers;Luxembourg (W);Scotland (W);1.2;1000.0;1.1;1.17;1.04;26.0;1.55;110.0;1.01;1000.0;1.1;1000.0;65.0;190.0;1.02;1.03;30.0;1000.0;1.01;1000.0;1.01;1000.0;1.01;1000.0;1.15;1000.0;1.01;1.03;1.1;110.0;1.04;1.09;1.25;1000.0;1.17;1.27;2.8;3.3;1.44;1.55;1.87;2.04;1.96;2.16;1.05;3.55;1.39;1000.0;1.09;1000.0;1.09;1000.0;1.09;1000.0;1.09;1000.0;1.09;1000.0;1.09;1000.0;1.09;1000.0;1.09;1000.0;1.09;1000.0;1.09;1000.0;1.09;1000.0;1.09;1000.0;1.09;1000.0;1.09;1000.0;1.09;1000.0;1.09;1000.0;10.5;1000.0;1.01;29.0;1.09;1000.0
2026-03-03;15:45:00;Saudi 1st Division;Al Draih;Al Batin;1.2;1000.0;1.17;1000.0;1.04;1000.0;1.05;1000.0;1.01;1000.0;1.1;1000.0;1.17;1.2;13.0;24.0;6.2;16.5;1.04;1.08;5.1;7.2;1.11;1.14;26.0;55.0;1.02;1.04;2.24;12.5;1.1;1.13;3.05;3.7;1.37;1.4;2.02;2.54;1.65;1.99;1.44;1.66;2.5;3.6;1.87;2.16;1.87;2.14;2.14;1000.0;4.2;1000.0;4.2;1000.0;4.2;1000.0;4.4;1000.0;2.04;1000.0;4.2;1000.0;4.2;1000.0;4.7;1000.0;6.0;1000.0;2.12;1000.0;4.2;1000.0;4.6;1000.0;4.2;1000.0;5.0;1000.0;2.2;1000.0;2.3;3.75;5.6;1000.0;2.22;1000.0
2026-03-03;15:45:00;Saudi 1st Division;Al-Ula FC;Al Orubah;3.25;4.9;1.26;1.45;1.57;1.72;2.4;2.76;1.14;1.2;6.0;8.4;1.56;1.65;5.7;7.0;4.3;5.0;1.16;1.22;2.52;2.82;1.25;1.31;17.5;1000.0;1.04;1.06;4.5;990.0;1.21;1.28;2.26;2.52;1.66;1.79;1.49;1.61;2.62;3.05;1.18;1.26;4.9;6.6;1.79;1.91;2.1;2.26;18.5;1000.0;4.2;1000.0;4.2;1000.0;4.2;1000.0;4.5;10.5;9.2;42.0;20.0;1000.0;4.2;1000.0;9.0;11.5;4.6;10.5;17.0;1000.0;4.2;1000.0;13.5;16.5;13.0;16.5;11.0;32.0;3.9;1000.0;5.5;7.8;4.2;1000.0;3.9;1000.0
2026-03-03;16:00:00;Dutch Cup;NEC Nijmegen;PSV;5.2;5.6;1.21;1.24;1.97;2.04;1.97;2.04;1.27;1.31;4.3;4.6;4.4;4.7;1.74;1.77;4.6;4.9;2.28;2.38;1.27;1.3;1.25;1.28;32.0;55.0;1.02;1.03;8.6;9.4;1.12;1.13;2.42;9.4;1.12;1.69;2.02;2.06;1.95;1.99;1.43;1.46;3.2;3.35;1.05;1.5;3.0;980.0;30.0;150.0;14.5;25.0;14.5;19.0;19.0;24.0;17.5;38.0;11.0;13.0;8.0;11.5;14.0;120.0;7.0;55.0;9.2;19.5;11.0;15.5;5.8;21.0;7.2;330.0;6.8;50.0;6.6;440.0;23.0;55.0;15.0;29.0;4.5;6.0;8.0;960.0
2026-03-03;16:00:00;Czech Cup;Mlada Boleslav;Sparta Prague;3.95;4.3;1.3;1.34;1.64;1.71;2.42;2.56;1.17;1.2;6.0;7.0;5.5;6.6;1.58;1.64;4.4;5.2;2.56;2.74;1.19;1.21;1.26;1.29;5.2;36.0;1.03;1.06;5.2;5.6;1.21;1.23;2.46;2.62;1.62;1.69;1.57;1.64;2.56;2.76;1.23;1.27;4.7;5.6;1.78;1000.0;1.05;2.28;1.57;1000.0;5.8;1000.0;5.8;1000.0;7.6;1000.0;4.2;1000.0;5.8;42.0;5.6;1000.0;7.6;1000.0;4.2;1000.0;4.2;1000.0;8.4;1000.0;1.57;1000.0;4.2;1000.0;4.2;1000.0;4.2;1000.0;1.61;1000.0;1.61;1000.0;1.84;29.0;1.61;1000.0
2026-03-03;16:00:00;Italian Serie B;Cesena;AC Monza;3.0;3.2;1.46;1.5;1.41;1.45;3.2;3.45;1.1;1.12;9.4;11.0;3.8;3.9;2.24;2.26;3.35;3.4;1.79;1.81;1.34;1.36;1.41;1.43;11.0;12.5;1.09;1.1;3.5;3.65;1.38;1.4;1.81;1.84;2.18;2.24;1.3;1.33;4.0;4.3;1.11;1.13;9.0;10.5;1.87;2.04;1.98;2.16;11.0;11.5;8.4;16.0;12.5;13.5;26.0;28.0;12.0;75.0;7.0;7.4;10.0;11.0;22.0;25.0;17.5;26.0;8.6;15.5;17.0;18.5;20.0;100.0;23.0;500.0;29.0;48.0;34.0;60.0;29.0;120.0;48.0;110.0;18.5;21.0;7.0;1000.0
2026-03-03;16:00:00;Hungarian Cup;Gyori;Kecskemeti;3.9;4.3;1.31;1.34;1.63;1.69;2.46;2.58;1.18;1.2;6.0;6.8;1.47;1.53;6.4;15.5;4.6;5.8;1.01;1000.0;1.01;1000.0;1.01;1000.0;1.15;36.0;1.03;1.05;5.4;6.4;1.19;1.22;2.5;2.68;1.6;1.66;1.59;1.65;2.52;2.7;1.24;1.28;4.5;5.3;1.78;1000.0;1.05;2.28;3.3;1000.0;4.2;1000.0;4.2;1000.0;4.2;1000.0;5.0;1000.0;1.59;500.0;4.2;1000.0;4.2;1000.0;4.9;1000.0;4.8;970.0;1.6;1000.0;4.2;1000.0;3.65;1000.0;3.05;980.0;2.52;1000.0;1.7;1000.0;1.88;29.0;4.2;1000.0;1.63;1000.0
2026-03-03;16:00:00;Italian Serie B;Reggiana;Sudtirol;2.56;2.68;1.6;1.64;1.31;1.33;4.0;4.2;1.07;1.08;13.5;15.0;3.35;3.55;2.66;2.72;2.94;2.96;1.58;1.61;1.39;1.42;1.51;1.52;7.4;8.0;1.14;1.16;2.74;2.78;1.56;1.58;1.55;1.58;2.74;2.82;1.2;1.22;5.6;6.0;1.06;1.08;13.5;18.0;2.12;2.2;1.84;1.9;7.0;8.0;6.2;8.4;14.0;14.5;26.0;40.0;7.0;9.6;6.2;6.8;9.8;25.0;20.0;38.0;18.0;21.0;14.0;16.5;20.0;23.0;19.0;70.0;30.0;430.0;46.0;55.0;28.0;460.0;180.0;220.0;14.5;70.0;19.0;42.0;12.0;1000.0
2026-03-03;16:00:00;Italian Serie B;Venezia;Calcio Avellino SSD;3.75;3.9;1.34;1.37;1.59;1.63;2.6;2.7;1.16;1.18;6.8;7.2;1.36;1.38;11.0;12.0;5.4;5.8;1.09;1.1;3.6;3.8;1.21;1.23;18.0;26.0;1.04;1.06;5.0;5.3;1.23;1.25;2.34;2.42;1.71;1.75;1.52;1.55;2.82;2.92;1.21;1.23;5.5;5.8;2.06;2.16;1.86;1.95;11.5;1000.0;26.0;42.0;4.9;1000.0;4.9;1000.0;4.9;10.0;9.8;14.5;28.0;46.0;5.0;1000.0;6.8;9.8;9.0;10.0;17.0;32.0;5.0;520.0;9.2;13.0;12.0;18.0;28.0;50.0;28.0;430.0;5.1;6.4;15.0;1000.0;5.0;1000.0
2026-03-03;16:00:00;Dutch Eerste Divisie;Cambuur Leeuwarden;Almere City;4.9;5.3;1.23;1.25;1.88;1.95;2.06;2.14;1.26;1.28;4.6;5.0;1.91;1.94;3.95;4.2;4.2;4.4;1.32;1.34;2.06;2.12;1.29;1.31;27.0;50.0;1.02;1.04;8.2;9.6;1.12;1.14;3.35;3.55;1.39;1.42;1.99;2.04;1.96;2.02;1.44;1.45;3.2;3.4;1.38;1.46;3.2;3.65;29.0;38.0;27.0;32.0;18.5;40.0;8.6;80.0;17.0;21.0;10.5;12.5;15.5;18.0;18.0;36.0;15.0;18.0;10.5;11.5;11.0;14.0;16.5;34.0;13.0;25.0;14.5;16.0;17.0;22.0;18.0;50.0;4.6;8.8;16.0;19.0;9.8;960.0
2026-03-03;16:00:00;Italian Serie B;Entella;Modena;2.84;2.96;1.51;1.54;1.37;1.4;3.5;3.7;1.08;1.1;11.0;12.5;3.9;4.1;2.22;2.26;3.25;3.35;1.79;1.82;1.32;1.35;1.42;1.45;9.4;10.5;1.1;1.12;3.1;3.25;1.45;1.47;1.7;1.74;2.36;2.44;1.26;1.28;4.6;4.9;1.09;1.1;11.0;12.5;2.02;2.1;1.91;1.99;9.4;17.5;7.6;8.2;9.4;12.5;13.0;29.0;10.5;23.0;6.8;13.0;10.0;20.0;20.0;27.0;20.0;27.0;13.5;16.5;15.0;980.0;14.5;50.0;15.5;85.0;20.0;250.0;16.0;75.0;12.0;580.0;9.8;600.0;13.0;28.0;7.2;1000.0
2026-03-03;16:30:00;Saudi 1st Division;Al-Wahda (KSA);Al Taee;3.4;3.65;1.38;1.42;1.53;1.57;2.74;2.88;1.14;1.16;7.2;8.2;2.6;2.86;2.74;2.96;3.45;3.85;1.51;1.57;1.54;1.61;1.4;1.41;15.0;22.0;1.05;1.07;4.5;5.4;1.24;1.28;2.18;2.3;1.77;1.84;1.47;1.55;2.8;3.1;1.18;1.22;5.2;6.6;1.58;1.8;2.24;2.74;6.6;1000.0;7.0;980.0;9.0;980.0;7.6;900.0;7.6;500.0;5.1;14.0;7.6;980.0;7.0;1000.0;9.0;1000.0;8.4;500.0;7.0;60.0;7.4;1000.0;7.4;500.0;7.0;1000.0;7.4;1000.0;8.2;1000.0;6.2;55.0;6.6;1000.0;9.2;1000.0
2026-03-03;16:30:00;Italian Serie C;LR Vicenza Virtus;A.C. Trento S.C.S.D.;2.96;3.25;1.45;1.51;1.41;1.47;3.1;3.5;1.09;1.12;1.1;12.0;1.76;1.89;5.1;6.0;3.5;3.95;1.19;1.25;2.12;2.34;1.33;1.4;11.0;15.5;1.08;1.1;3.4;3.95;1.36;1.4;1.84;1.97;2.04;2.2;1.31;1.37;3.7;4.2;1.11;1.14;8.0;10.0;1.87;2.06;1.95;2.16;11.0;14.0;13.0;18.5;7.8;1000.0;8.8;1000.0;6.8;8.2;7.0;8.2;16.5;23.0;8.6;1000.0;9.0;11.5;8.6;10.5;16.5;21.0;8.6;1000.0;17.0;21.0;18.0;22.0;7.6;500.0;8.8;1000.0;11.5;15.0;8.8;700.0;9.4;1000.0
2026-03-03;16:30:00;Italian Serie C;Lecco;Renate;2.48;2.64;1.61;1.68;1.3;1.32;4.1;4.6;1.06;1.08;13.5;18.0;2.46;2.72;3.35;3.85;2.84;3.15;1.36;1.43;1.59;1.68;1.46;1.54;7.0;8.8;1.13;1.17;2.56;2.78;1.57;1.64;1.49;1.56;2.78;3.1;1.18;1.2;5.7;7.0;1.06;1.07;13.5;21.0;2.1;2.52;1.65;1.9;7.0;8.4;8.2;9.8;19.5;48.0;9.2;1000.0;6.4;7.8;6.0;7.2;14.0;17.0;8.8;440.0;12.5;15.5;11.0;13.5;20.0;65.0;9.2;1000.0;16.0;220.0;16.0;140.0;9.0;1000.0;9.8;1000.0;8.4;1000.0;9.2;1000.0;10.0;1000.0
2026-03-03;16:30:00;Italian Serie C;Triestina;SSD Dolomiti Bellunesi;2.92;3.2;1.46;1.52;1.42;1.45;3.2;3.6;1.09;1.12;9.2;13.5;2.1;2.32;3.8;4.5;3.15;3.65;1.31;1.36;1.76;1.91;1.37;1.46;3.3;15.5;1.08;1.11;3.25;3.8;1.37;1.43;1.75;1.88;2.12;2.34;1.31;1.35;3.8;4.7;1.09;1.13;3.85;12.5;1.83;1000.0;1.05;2.22;6.4;23.0;7.6;26.0;11.0;1000.0;4.0;1000.0;4.9;19.0;4.4;42.0;6.6;1000.0;19.5;1000.0;6.2;28.0;6.2;23.0;5.4;1000.0;4.0;1000.0;5.5;500.0;11.5;1000.0;19.5;1000.0;3.8;1000.0;4.3;55.0;3.8;1000.0;4.1;1000.0
2026-03-03;16:30:00;Italian Serie C;Albinoleffe;Union Brescia;2.68;2.86;1.54;1.6;1.33;1.37;3.7;4.1;1.07;1.09;12.0;15.5;3.85;4.5;2.1;2.26;3.1;3.5;1.01;1000.0;1.01;55.0;1.01;55.0;8.6;11.0;1.11;1.14;2.88;3.15;1.48;1.53;1.6;1.68;2.46;2.66;1.22;1.25;4.9;5.7;1.07;1.09;11.5;15.5;1.86;2.48;1.68;2.16;5.1;10.5;6.2;7.6;10.5;13.0;13.0;120.0;10.0;12.0;6.6;8.0;9.6;11.5;13.0;65.0;13.5;75.0;15.0;18.0;19.5;24.0;8.4;500.0;9.2;900.0;8.6;500.0;8.8;1000.0;9.4;1000.0;9.2;1000.0;22.0;600.0;10.0;1000.0
2026-03-03;16:30:00;Italian Serie C;Cittadella;Inter Milan (Res);2.86;3.1;1.48;1.53;1.39;1.43;3.3;3.65;1.09;1.11;9.6;12.5;2.06;2.24;3.7;4.3;3.25;3.7;1.3;1.35;1.81;1.95;1.37;1.43;3.25;1000.0;1.09;1.11;3.15;3.6;1.4;1.46;1.71;1.82;2.2;2.42;1.27;1.32;4.1;4.9;1.09;1.12;8.6;15.5;1.9;2.22;1.81;2.12;9.8;12.0;10.5;13.0;13.0;29.0;5.8;900.0;3.85;8.6;6.6;42.0;14.0;17.5;5.6;160.0;11.0;13.5;9.4;11.5;17.0;21.0;5.7;190.0;12.5;30.0;22.0;27.0;5.5;120.0;5.9;1000.0;18.5;23.0;5.7;600.0;8.2;1000.0
2026-03-03;16:30:00;English Premier League;Everton;Burnley;3.15;3.3;1.44;1.46;1.47;1.48;3.05;3.15;1.11;1.13;8.8;10.0;1.63;1.64;6.8;7.0;4.1;4.2;1.16;1.18;2.56;2.6;1.31;1.33;13.5;14.5;1.07;1.08;3.85;3.95;1.34;1.36;1.96;1.97;2.02;2.04;1.36;1.37;3.7;3.8;1.14;1.15;7.8;8.2;2.04;2.06;1.94;1.97;13.5;14.0;19.5;20.0;50.0;55.0;190.0;210.0;7.6;7.8;8.6;9.0;24.0;25.0;90.0;110.0;8.4;8.6;9.8;10.0;22.0;24.0;85.0;110.0;14.0;14.5;16.5;17.0;36.0;40.0;120.0;140.0;9.4;9.8;42.0;140.0;160.0;1000.0
2026-03-03;16:30:00;English Premier League;Leeds;Sunderland;2.98;3.1;1.48;1.51;1.41;1.44;3.25;3.45;1.1;1.12;10.0;11.5;1.96;1.97;4.7;4.8;3.55;3.6;1.26;1.28;2.02;2.06;1.38;1.4;11.0;12.0;1.09;1.1;3.45;3.55;1.39;1.41;1.82;1.83;2.2;2.22;1.31;1.32;4.1;4.2;1.11;1.13;9.2;9.6;1.98;2.0;2.0;2.04;11.0;11.5;14.0;14.5;30.0;32.0;95.0;100.0;7.6;7.8;7.4;7.8;18.0;18.5;55.0;65.0;10.0;10.5;10.0;10.5;20.0;21.0;65.0;75.0;20.0;21.0;20.0;21.0;36.0;42.0;100.0;570.0;15.0;16.0;70.0;80.0;300.0;1000.0
2026-03-03;16:30:00;Swiss Super League;Winterthur;Servette;3.75;3.95;1.34;1.36;1.59;1.63;2.58;2.7;1.16;1.18;6.6;7.2;5.1;5.2;1.75;1.76;4.2;4.3;2.3;2.34;1.23;1.25;1.3;1.32;18.0;21.0;1.05;1.06;4.9;5.2;1.24;1.26;2.32;2.38;1.73;1.75;1.53;1.54;2.84;2.88;1.21;1.22;5.5;5.7;1.71;1.79;2.26;2.42;18.5;21.0;10.0;10.5;10.5;11.5;16.0;18.0;19.5;22.0;8.8;9.6;9.2;9.8;15.5;17.0;23.0;42.0;18.0;19.5;17.0;18.0;27.0;29.0;42.0;120.0;30.0;60.0;48.0;60.0;30.0;580.0;44.0;60.0;8.0;8.6;23.0;1000.0
2026-03-03;16:30:00;English Premier League;Bournemouth;Brentford;3.85;4.1;1.33;1.35;1.64;1.67;2.5;2.58;1.17;1.19;6.4;7.0;2.62;2.66;2.8;2.82;3.75;3.8;1.54;1.56;1.6;1.62;1.35;1.37;20.0;22.0;1.04;1.06;5.4;5.6;1.21;1.23;2.44;2.48;1.67;1.69;1.58;1.59;2.66;2.7;1.23;1.25;5.0;5.3;1.57;1.59;2.7;2.76;21.0;22.0;15.0;16.0;20.0;21.0;38.0;40.0;14.5;15.0;8.2;8.4;12.0;12.5;24.0;26.0;18.5;19.0;11.5;12.0;13.0;14.0;29.0;32.0;32.0;34.0;23.0;24.0;27.0;29.0;48.0;55.0;14.5;16.0;16.5;19.0;120.0;500.0
2026-03-03;16:30:00;Austrian Erste Liga;Rapid Vienna (Am);SV Austria Salzburg;3.75;4.0;1.33;1.37;1.59;1.64;2.56;2.68;1.15;1.18;6.6;7.6;2.64;2.76;2.62;2.74;3.7;4.0;1.58;1.62;1.56;1.61;1.33;1.37;13.5;26.0;1.04;1.06;5.0;5.6;1.22;1.25;2.34;2.42;1.7;1.74;1.54;1.58;2.72;2.86;1.21;1.23;5.3;5.8;1.55;980.0;1.05;2.8;10.5;980.0;2.34;980.0;2.4;980.0;2.08;980.0;2.42;980.0;6.4;42.0;2.14;980.0;2.48;980.0;2.5;980.0;2.16;980.0;9.4;980.0;1.99;980.0;2.1;980.0;2.32;980.0;2.08;980.0;2.56;580.0;1.74;980.0;1.74;980.0;2.58;1000.0
2026-03-03;16:30:00;Italian Serie C;SS Virtus Verona 1921;Novara;2.72;2.98;1.51;1.58;1.35;1.39;3.5;3.9;1.08;1.1;10.0;13.5;3.05;3.45;2.54;2.82;2.98;3.35;1.56;1.65;1.4;1.48;1.42;1.52;7.4;1000.0;1.1;1.13;2.92;3.25;1.44;1.52;1.64;1.73;2.36;2.58;1.24;1.28;4.5;5.2;1.08;1.1;10.5;13.5;1.9;2.24;1.81;2.12;8.8;10.5;7.6;9.4;13.5;17.5;34.0;150.0;8.8;11.0;6.2;7.4;10.5;13.5;14.5;95.0;18.0;23.0;12.0;15.0;16.5;21.0;25.0;60.0;7.6;210.0;9.6;250.0;7.6;1000.0;8.2;1000.0;9.8;1000.0;7.0;70.0;8.6;1000.0
2026-03-03;16:45:00;English National League;Yeovil;Tamworth FC;3.1;3.3;1.43;1.48;1.43;1.48;3.1;3.3;1.1;1.13;8.6;11.0;2.6;2.78;2.74;2.96;3.4;3.75;1.52;1.57;1.56;1.62;1.36;1.4;11.0;21.0;1.07;1.09;3.75;4.2;1.32;1.36;1.92;1.98;2.02;2.1;1.35;1.39;3.55;3.9;1.12;1.15;7.4;10.5;1.05;980.0;1.05;980.0;3.2;90.0;1.93;1000.0;2.0;1000.0;1.89;1000.0;1.92;1000.0;4.4;42.0;1.96;1000.0;1.98;1000.0;2.04;1000.0;1.95;1000.0;2.3;1000.0;1.94;1000.0;1.88;1000.0;1.97;1000.0;2.06;1000.0;1.96;1000.0;1.96;1000.0;1.85;1000.0;2.44;1000.0
2026-03-03;16:45:00;English Sky Bet League 2;Bromley;Oldham;3.0;3.2;1.46;1.5;1.41;1.45;3.25;3.45;1.09;1.12;9.4;12.5;2.12;2.22;3.8;4.1;3.45;3.55;1.33;1.36;1.81;1.89;1.39;1.41;11.0;13.5;1.08;1.1;3.5;3.7;1.37;1.4;1.83;1.88;2.14;2.22;1.3;1.33;4.0;4.4;1.11;1.13;8.4;11.0;1.86;2.02;1.99;2.18;11.0;12.0;12.0;14.0;23.0;27.0;34.0;80.0;8.2;9.0;7.2;7.8;14.5;29.0;24.0;55.0;11.5;13.5;10.0;10.5;13.0;19.5;42.0;65.0;24.0;29.0;19.5;24.0;34.0;44.0;25.0;120.0;17.0;85.0;20.0;55.0;15.0;1000.0
2026-03-03;16:45:00;English Sky Bet League 2;Newport County;Tranmere;2.88;3.05;1.49;1.54;1.38;1.41;3.45;3.65;1.08;1.11;10.0;13.5;2.8;2.9;2.74;2.84;3.35;3.5;1.53;1.59;1.51;1.55;1.4;1.44;9.2;13.5;1.09;1.11;3.25;3.4;1.42;1.45;1.75;1.81;2.24;2.34;1.28;1.31;4.2;4.6;1.1;1.11;9.2;10.5;1.87;2.06;1.96;2.16;10.5;980.0;5.8;980.0;8.4;980.0;2.38;980.0;6.2;980.0;5.7;14.0;7.0;980.0;2.36;980.0;7.8;980.0;7.6;980.0;11.5;980.0;2.38;980.0;2.38;980.0;2.36;980.0;2.4;980.0;2.44;580.0;6.2;1000.0;5.5;1000.0;2.42;1000.0
2026-03-03;16:45:00;English Sky Bet League 2;Walsall;Fleetwood Town;2.94;3.15;1.47;1.52;1.39;1.44;3.3;3.55;1.09;1.11;10.0;12.5;2.58;2.68;2.92;3.05;3.4;3.5;1.48;1.52;1.59;1.63;1.4;1.42;10.0;13.5;1.08;1.1;3.35;3.55;1.4;1.42;1.78;1.83;2.2;2.3;1.29;1.31;4.2;4.6;1.1;1.12;8.6;12.5;1.9;2.0;2.0;2.12;10.0;11.5;10.0;24.0;11.0;70.0;20.0;55.0;8.8;19.0;6.4;14.5;10.5;26.0;18.0;38.0;14.5;30.0;11.0;12.0;16.5;19.5;23.0;55.0;16.0;40.0;15.0;32.0;15.5;120.0;19.5;580.0;13.5;600.0;14.5;38.0;6.8;1000.0
2026-03-03;16:45:00;English FA Cup;Port Vale;Bristol City;3.1;3.3;1.43;1.47;1.45;1.48;3.1;3.25;1.1;1.13;9.0;10.5;4.9;5.0;1.83;1.85;3.9;4.0;2.16;2.22;1.25;1.26;1.33;1.35;13.0;15.5;1.07;1.08;3.8;3.95;1.34;1.36;1.93;1.98;2.02;2.08;1.36;1.38;3.65;3.85;1.13;1.15;7.8;8.6;1.88;1.99;2.02;2.14;12.5;26.0;7.8;8.6;9.0;11.0;11.5;23.0;9.0;17.0;8.0;8.8;9.4;9.8;10.5;19.5;12.5;38.0;16.0;19.0;18.5;21.0;18.0;170.0;28.0;120.0;10.0;70.0;10.0;75.0;28.0;580.0;9.8;270.0;11.0;13.0;11.5;1000.0
2026-03-03;16:45:00;English National League;Hartlepool;Sutton Utd;3.4;3.65;1.38;1.42;1.51;1.55;2.8;2.98;1.12;1.15;7.6;9.2;2.04;2.14;3.75;4.1;3.6;3.95;1.33;1.37;1.87;1.97;1.34;1.38;4.3;990.0;1.06;1.08;4.2;4.8;1.27;1.31;2.04;2.14;1.89;1.97;1.43;1.45;3.2;3.45;1.15;1.18;6.4;7.8;1.05;980.0;1.05;980.0;7.8;980.0;3.95;980.0;2.46;980.0;2.14;900.0;6.2;980.0;4.9;42.0;3.9;980.0;2.32;980.0;7.0;980.0;5.8;980.0;7.0;950.0;2.12;980.0;10.5;980.0;9.0;980.0;4.3;980.0;2.02;580.0;2.72;85.0;4.1;980.0;2.52;1000.0
2026-03-03;16:45:00;English Sky Bet Championship;Ipswich;Hull;3.6;3.8;1.35;1.38;1.57;1.6;2.68;2.76;1.15;1.17;7.0;7.8;1.52;1.53;7.6;7.8;4.7;4.8;1.14;1.16;2.9;2.94;1.26;1.28;17.5;20.0;1.05;1.06;4.7;4.9;1.25;1.27;2.24;2.3;1.77;1.8;1.49;1.5;3.0;3.1;1.2;1.21;5.9;6.4;1.89;2.0;2.0;2.14;17.5;19.0;23.0;27.0;48.0;70.0;95.0;230.0;8.6;9.0;9.4;10.0;24.0;26.0;50.0;260.0;8.6;9.0;9.4;9.6;21.0;24.0;46.0;100.0;12.5;13.0;14.0;15.0;30.0;36.0;65.0;130.0;6.4;7.0;95.0;150.0;330.0;1000.0
2026-03-03;16:45:00;English National League South;Maidstone Utd;Weston-super-Mare;3.0;3.2;1.45;1.5;1.41;1.46;3.2;3.45;1.09;1.12;9.2;12.5;1.97;2.1;4.0;4.7;3.45;3.95;1.28;1.33;1.92;2.06;1.35;1.4;10.0;970.0;1.08;1.1;3.4;3.8;1.36;1.41;1.8;1.9;2.12;2.24;1.3;1.34;3.85;4.4;1.1;1.13;8.0;15.5;1.05;980.0;1.05;980.0;6.2;980.0;3.75;980.0;2.06;980.0;2.04;900.0;4.9;980.0;4.9;42.0;7.6;980.0;2.0;310.0;5.8;980.0;6.2;980.0;9.2;980.0;2.04;500.0;2.78;980.0;2.48;980.0;2.02;980.0;2.04;580.0;4.0;60.0;2.04;600.0;2.96;1000.0
2026-03-03;16:45:00;English Sky Bet League 1;Exeter;Burton Albion;3.05;3.25;1.44;1.47;1.44;1.47;3.15;3.3;1.1;1.13;8.6;11.0;2.52;2.62;3.0;3.15;3.45;3.5;1.46;1.49;1.62;1.66;1.4;1.41;11.0;15.5;1.08;1.09;3.7;3.9;1.34;1.37;1.93;1.98;2.02;2.08;1.34;1.37;3.7;3.95;1.13;1.15;7.6;10.0;1.74;1.85;2.18;2.36;12.0;13.5;10.5;12.5;17.5;980.0;20.0;55.0;10.0;11.0;7.2;8.0;12.0;13.0;26.0;36.0;15.0;16.5;10.5;20.0;15.5;25.0;23.0;55.0;17.5;38.0;24.0;28.0;21.0;42.0;26.0;95.0;20.0;980.0;11.5;980.0;15.0;1000.0
2026-03-03;16:45:00;English Sky Bet League 2;Grimsby;Salford City;3.25;3.45;1.41;1.45;1.49;1.52;2.94;3.1;1.12;1.14;8.0;9.4;2.38;2.5;3.1;3.25;3.55;3.75;1.44;1.48;1.67;1.73;1.36;1.4;12.5;16.0;1.06;1.08;3.9;4.3;1.31;1.34;1.99;2.04;1.96;2.02;1.38;1.41;3.4;3.65;1.14;1.16;7.0;8.2;1.76;1.85;2.18;2.3;9.4;1000.0;8.6;1000.0;14.5;980.0;2.48;980.0;7.6;980.0;6.2;14.0;9.4;70.0;22.0;980.0;10.5;32.0;8.2;980.0;9.0;150.0;2.48;980.0;2.46;980.0;16.5;980.0;23.0;980.0;48.0;330.0;14.0;1000.0;18.0;1000.0;15.0;1000.0
2026-03-03;16:45:00;Welsh Premiership;Barry Town Utd;Penybont FC;3.15;3.35;1.42;1.47;1.45;1.5;3.0;3.25;1.11;1.14;8.2;10.5;1.95;1.99;4.0;4.4;3.75;4.1;1.29;1.33;2.02;2.08;1.32;1.36;12.0;17.5;1.07;1.09;3.65;4.0;1.33;1.37;1.91;2.0;2.0;2.1;1.33;1.38;3.6;4.0;1.13;1.15;7.2;9.4;1.9;1.99;2.02;2.1;7.6;90.0;6.6;30.0;8.8;500.0;8.2;1000.0;5.2;16.0;7.2;8.8;7.6;110.0;9.8;1000.0;10.5;40.0;5.8;11.0;8.4;150.0;10.0;1000.0;9.0;500.0;7.8;500.0;9.2;1000.0;11.0;1000.0;7.0;55.0;9.8;1000.0;10.0;1000.0
2026-03-03;16:45:00;English National League;Wealdstone;Morecambe;0.0;0.0;0.0;0.0;0.0;0.0;0.0;0.0;0.0;0.0;0.0;0.0;2.18;2.26;3.2;3.4;3.85;4.1;0.0;0.0;0.0;0.0;0.0;0.0;0.0;0.0;0.0;0.0;0.0;0.0;0.0;0.0;2.2;2.32;1.75;1.83;0.0;0.0;0.0;0.0;0.0;0.0;0.0;0.0;0.0;0.0;0.0;0.0;0.0;0.0;0.0;0.0;0.0;0.0;0.0;0.0;0.0;0.0;0.0;0.0;0.0;0.0;0.0;0.0;0.0;0.0;0.0;0.0;0.0;0.0;0.0;0.0;0.0;0.0;0.0;0.0;0.0;0.0;0.0;0.0;0.0;0.0;0.0;0.0;0.0;0.0
2026-03-03;16:45:00;English National League North;AFC Telford;Leamington;4.3;4.8;1.26;1.3;1.74;1.81;2.24;2.36;1.2;1.24;5.2;6.0;1.23;1.26;6.4;85.0;6.4;15.0;1.01;1000.0;1.01;1000.0;1.01;1000.0;6.2;55.0;1.03;1.05;6.0;7.4;1.16;1.19;2.74;2.98;1.51;1.57;1.69;1.76;2.3;2.46;1.28;1.33;4.0;4.6;1.05;2.18;1.85;980.0;11.5;980.0;4.2;980.0;4.2;1000.0;2.62;1000.0;4.8;980.0;8.4;980.0;4.2;950.0;2.62;1000.0;4.4;980.0;1.74;980.0;2.52;980.0;4.2;1000.0;5.1;980.0;1.79;980.0;2.06;980.0;1.9;1000.0;1.63;29.0;4.2;1000.0;1.9;1000.0
2026-03-03;16:45:00;English National League North;Kidderminster;Alfreton Town;3.2;3.45;1.41;1.46;1.46;1.51;2.96;3.2;1.11;1.14;8.0;10.5;1.48;1.5;6.8;17.0;4.4;5.4;1.11;1.14;2.96;3.2;1.25;1.28;6.2;21.0;1.06;1.09;3.75;4.2;1.32;1.36;1.92;2.04;1.98;2.08;1.35;1.4;3.5;3.9;1.13;1.16;7.0;10.5;1.05;2.28;1.78;1000.0;7.0;1000.0;4.2;1000.0;4.2;1000.0;3.85;1000.0;3.3;980.0;5.8;42.0;4.2;1000.0;4.2;1000.0;2.12;980.0;4.8;980.0;2.38;1000.0;4.2;1000.0;5.0;900.0;2.16;1000.0;2.2;1000.0;2.3;1000.0;2.48;29.0;4.2;1000.0;2.3;1000.0
2026-03-03;16:45:00;English Sky Bet League 1;Rotherham;Mansfield;3.2;3.4;1.42;1.45;1.46;1.5;3.0;3.2;1.11;1.13;8.6;10.0;2.68;2.74;2.82;2.88;3.5;3.65;1.53;1.55;1.57;1.6;1.38;1.4;12.5;15.5;1.07;1.08;3.85;4.2;1.32;1.35;1.99;2.02;1.98;2.02;1.36;1.39;3.55;3.8;1.13;1.16;7.2;8.8;1.71;1.79;2.26;2.42;12.5;14.0;10.0;12.0;16.5;18.5;38.0;44.0;11.0;12.0;7.4;8.0;11.5;12.5;16.0;90.0;10.5;18.0;10.5;12.0;15.5;44.0;23.0;250.0;36.0;42.0;25.0;75.0;21.0;40.0;28.0;90.0;22.0;25.0;24.0;26.0;15.0;1000.0
2026-03-03;16:45:00;Polish Cup;GKS Katowice;Widzew Lodz;3.0;3.2;1.45;1.5;1.41;1.46;3.2;3.45;1.1;1.12;9.2;11.0;2.92;3.05;2.74;2.78;3.3;3.45;1.56;1.58;1.49;1.53;1.4;1.44;10.0;15.5;1.08;1.1;3.5;3.8;1.36;1.4;1.81;1.9;2.12;2.22;1.31;1.34;3.9;4.3;1.11;1.13;8.4;11.0;1.79;1.96;2.04;2.26;10.5;13.5;5.8;11.0;14.0;18.0;7.2;42.0;9.6;12.0;6.6;1000.0;10.0;13.0;14.5;32.0;17.0;22.0;11.5;14.5;15.5;18.5;5.2;46.0;5.3;55.0;14.5;40.0;5.3;55.0;5.5;580.0;6.6;38.0;6.6;29.0;5.8;1000.0
2026-03-03;16:45:00;English Sky Bet League 1;Barnsley;Wycombe;3.65;3.85;1.35;1.38;1.57;1.61;2.64;2.76;1.14;1.17;6.8;8.0;2.86;2.96;2.48;2.56;3.7;3.9;1.64;1.67;1.51;1.54;1.35;1.38;5.0;21.0;1.05;1.06;5.0;5.2;1.24;1.25;2.32;2.36;1.74;1.75;1.5;1.54;2.84;2.98;1.2;1.22;5.5;6.4;1.05;1.63;2.58;980.0;18.5;1000.0;7.0;980.0;9.0;980.0;3.7;980.0;7.6;980.0;6.2;42.0;6.4;980.0;3.95;980.0;9.6;980.0;7.6;980.0;10.0;60.0;4.0;1000.0;2.56;980.0;3.65;980.0;4.2;980.0;5.3;580.0;4.1;980.0;3.45;980.0;4.6;1000.0
2026-03-03;16:45:00;English National League;Boreham Wood;York City;4.1;4.4;1.29;1.32;1.69;1.75;2.34;2.46;1.18;1.22;5.6;6.6;3.4;3.6;2.2;2.3;3.65;3.9;1.77;1.84;1.4;1.42;1.35;1.38;18.0;36.0;1.04;1.05;5.8;6.8;1.18;1.21;2.58;2.74;1.58;1.63;1.64;1.71;2.4;2.54;1.26;1.3;4.3;4.9;1.55;980.0;1.05;2.8;9.8;24.0;8.6;17.0;9.0;18.0;25.0;85.0;15.0;22.0;7.0;10.5;10.0;11.5;18.0;19.5;11.5;65.0;7.6;15.5;12.0;14.0;22.0;80.0;12.0;980.0;10.5;980.0;16.5;36.0;23.0;55.0;8.8;1000.0;9.4;10.5;8.6;1000.0
2026-03-03;16:45:00;English Sky Bet League 2;Chesterfield;Colchester;3.1;3.3;1.44;1.48;1.43;1.48;3.1;3.3;1.1;1.13;8.6;11.0;2.24;2.32;3.45;3.7;3.45;3.6;1.37;1.4;1.76;1.81;1.38;1.41;11.5;18.0;1.07;1.09;3.75;4.0;1.33;1.36;1.9;1.96;2.04;2.1;1.35;1.38;3.6;3.9;1.13;1.15;7.6;9.4;1.79;1.95;2.06;2.28;8.6;1000.0;2.14;1000.0;2.16;1000.0;2.3;1000.0;2.08;1000.0;6.0;42.0;1.99;1000.0;2.22;1000.0;2.16;1000.0;1.9;1000.0;12.0;1000.0;2.3;1000.0;2.26;1000.0;2.26;1000.0;2.3;1000.0;2.84;580.0;2.24;1000.0;2.32;1000.0;2.84;1000.0
2026-03-03;16:45:00;Welsh Premiership;Connahs Quay;The New Saints;3.45;3.7;1.37;1.41;1.52;1.57;2.76;2.92;1.13;1.16;7.2;8.8;4.4;4.9;1.83;1.91;3.9;4.2;2.08;2.22;1.26;1.3;1.32;1.35;14.0;18.5;1.06;1.07;4.3;4.8;1.26;1.3;2.12;2.22;1.81;1.9;1.42;1.47;3.1;3.4;1.16;1.19;6.0;7.4;1.62;2.06;1.95;2.62;14.5;16.5;8.6;10.5;10.5;12.5;17.0;21.0;16.5;19.0;8.0;8.8;9.2;10.5;16.5;19.0;30.0;36.0;16.0;18.5;15.5;18.0;27.0;32.0;12.5;110.0;46.0;55.0;29.0;60.0;13.0;95.0;38.0;65.0;9.2;11.5;14.0;1000.0
2026-03-03;16:45:00;Scottish Premiership;Dundee Utd;St Mirren;2.88;3.05;1.49;1.53;1.39;1.42;3.4;3.55;1.1;1.11;10.0;11.0;2.52;2.6;3.15;3.3;3.25;3.45;1.43;1.47;1.62;1.66;1.41;1.45;10.5;12.5;1.09;1.11;3.35;3.5;1.4;1.43;1.81;1.82;2.22;2.24;1.31;1.32;4.1;4.4;1.1;1.12;9.4;10.5;1.85;2.0;2.0;2.18;10.0;12.5;9.6;12.0;18.0;23.0;4.6;65.0;8.4;12.0;6.4;42.0;11.5;14.5;32.0;44.0;13.5;17.0;10.0;14.5;15.0;19.0;20.0;120.0;16.0;50.0;23.0;36.0;4.5;48.0;26.0;330.0;5.7;29.0;6.0;46.0;4.9;1000.0
2026-03-03;16:45:00;English National League South;Maidenhead;AFC Totton;3.35;3.6;1.38;1.42;1.5;1.55;2.82;3.0;1.12;1.15;7.6;9.4;1.92;2.04;3.75;4.4;3.75;4.3;1.01;1000.0;1.01;1000.0;1.01;1000.0;1.15;970.0;1.06;1.08;4.1;4.6;1.28;1.32;2.12;2.14;1.87;1.88;1.39;1.44;3.2;3.6;1.15;1.18;6.2;11.0;1.05;980.0;1.05;980.0;7.8;1000.0;7.6;1000.0;3.45;1000.0;1.99;1000.0;5.6;1000.0;4.9;42.0;8.2;1000.0;2.14;1000.0;5.8;1000.0;5.8;1000.0;3.05;60.0;2.14;1000.0;9.0;1000.0;3.0;1000.0;2.1;1000.0;1.99;1000.0;3.0;29.0;2.06;1000.0;3.55;1000.0
2026-03-03;16:45:00;English National League South;Worthing;Chesham Utd;3.9;4.3;1.3;1.34;1.64;1.7;2.42;2.56;1.17;1.2;6.0;7.0;1.55;1.61;5.6;7.0;4.3;5.4;1.17;1.2;2.6;2.86;1.24;1.29;5.3;36.0;1.03;1.06;5.3;6.2;1.2;1.23;2.44;2.62;1.62;1.69;1.57;1.64;2.56;2.76;1.23;1.27;4.7;5.5;1.05;980.0;1.05;980.0;10.0;1000.0;4.2;1000.0;4.2;1000.0;4.2;1000.0;4.9;1000.0;5.8;42.0;10.0;1000.0;4.2;1000.0;4.8;1000.0;4.6;980.0;8.8;1000.0;4.2;1000.0;3.45;1000.0;2.06;1000.0;2.06;1000.0;2.34;1000.0;2.0;29.0;3.0;1000.0;3.0;1000.0
2026-03-03;16:45:00;Scottish League One;Montrose;Kelty Hearts;3.15;3.4;1.42;1.47;1.44;1.5;3.0;3.25;1.11;1.13;8.6;10.5;1.92;2.02;4.2;4.8;3.45;3.9;1.27;1.29;1.98;2.1;1.35;1.4;11.0;15.5;1.07;1.09;3.65;4.1;1.33;1.37;1.98;2.0;2.0;2.02;1.34;1.38;3.55;4.0;1.14;1.15;7.6;9.2;1.73;1.94;2.06;2.38;8.8;980.0;8.4;95.0;6.0;980.0;4.0;1000.0;7.4;17.5;6.4;12.5;10.5;980.0;4.3;1000.0;5.8;23.0;6.2;17.0;11.5;60.0;4.2;1000.0;10.5;140.0;9.2;50.0;4.3;180.0;7.0;1000.0;3.5;55.0;6.8;1000.0;4.2;1000.0
2026-03-03;16:45:00;Scottish League Two;Spartans;Stirling;3.35;3.6;1.38;1.43;1.5;1.55;2.8;2.98;1.13;1.15;7.6;8.6;1.52;1.59;7.0;8.2;4.2;5.0;1.13;1.17;2.66;2.98;1.25;1.31;15.0;19.0;1.05;1.07;4.0;4.7;1.27;1.32;2.06;2.16;1.87;1.95;1.41;1.46;3.15;3.45;1.16;1.18;6.4;7.4;1.89;2.1;1.9;2.12;15.0;18.5;21.0;25.0;8.8;170.0;9.8;1000.0;7.2;9.0;8.8;11.0;13.0;28.0;9.4;1000.0;7.8;9.6;8.6;10.5;19.5;24.0;9.4;400.0;11.5;14.5;13.5;17.0;18.0;38.0;28.0;1000.0;6.6;8.0;9.6;1000.0;10.0;1000.0
2026-03-03;16:45:00;Scottish Championship;Dunfermline;Ross Co;2.92;3.1;1.48;1.53;1.38;1.43;3.35;3.6;1.09;1.11;10.0;12.5;2.0;2.08;4.3;4.8;3.4;3.55;1.27;1.3;1.92;2.0;1.39;1.42;10.0;12.5;1.09;1.11;3.25;3.5;1.4;1.43;1.74;1.82;2.2;2.34;1.28;1.32;4.1;4.7;1.11;1.12;9.2;11.0;1.83;2.28;1.78;2.22;7.4;11.0;12.5;14.5;15.0;32.0;18.0;110.0;7.0;8.2;7.2;7.8;16.0;500.0;16.5;170.0;10.0;11.5;9.8;11.0;13.5;22.0;14.5;190.0;21.0;24.0;21.0;24.0;14.0;46.0;17.5;580.0;10.5;55.0;12.5;90.0;15.0;1000.0
2026-03-03;16:45:00;English National League North;Darlington;Macclesfield;3.95;4.4;1.3;1.34;1.66;1.72;2.38;2.52;1.18;1.21;5.8;6.8;2.42;2.58;2.8;3.05;3.6;4.2;1.01;1000.0;1.01;1000.0;1.01;1000.0;1.15;36.0;1.03;1.06;5.5;6.6;1.19;1.22;2.52;2.7;1.59;1.65;1.61;1.68;2.46;2.64;1.24;1.28;4.5;5.3;1.55;2.04;1.98;2.8;1.8;1000.0;1.61;1000.0;1.62;1000.0;1.64;1000.0;1.6;1000.0;1.59;500.0;1.61;1000.0;1.62;1000.0;1.62;1000.0;1.61;1000.0;1.73;60.0;1.65;1000.0;1.64;1000.0;1.6;1000.0;1.62;1000.0;1.64;1000.0;1.55;980.0;1.55;1000.0;1.65;1000.0
2026-03-03;16:45:00;English National League;Southend;Truro City;4.1;4.4;1.29;1.33;1.67;1.73;2.36;2.48;1.18;1.21;5.7;6.4;1.3;1.35;9.0;19.5;5.6;7.4;1.06;1.12;3.85;4.4;1.17;1.21;7.6;36.0;1.03;1.05;5.4;6.2;1.2;1.23;2.5;2.62;1.61;1.66;1.59;1.65;2.52;2.7;1.24;1.27;4.7;5.3;1.05;980.0;1.05;980.0;6.2;24.0;7.0;980.0;6.2;130.0;6.6;600.0;8.6;11.0;6.4;15.5;7.2;50.0;6.4;230.0;7.4;16.0;9.4;10.5;15.5;32.0;6.4;180.0;7.0;11.0;12.5;1000.0;20.0;42.0;6.4;200.0;4.1;5.4;8.2;260.0;6.6;1000.0
2026-03-03;16:45:00;English National League North;Scarborough Athletic;Hereford FC;3.45;3.7;1.37;1.41;1.52;1.58;2.72;2.94;1.13;1.16;7.2;8.8;2.14;2.2;3.45;3.6;3.7;4.3;1.39;1.41;1.83;1.88;1.34;1.36;4.3;1000.0;1.05;1.07;4.3;4.8;1.27;1.3;2.1;2.22;1.81;1.9;1.42;1.47;3.05;3.4;1.16;1.19;6.0;8.2;1.72;980.0;1.05;2.38;1.72;1000.0;1.68;1000.0;1.72;1000.0;1.74;1000.0;5.6;1000.0;1.56;42.0;1.68;1000.0;1.74;1000.0;6.2;1000.0;5.8;1000.0;1.64;1000.0;1.74;1000.0;1.82;1000.0;1.81;1000.0;1.72;1000.0;1.74;1000.0;2.5;85.0;1.73;1000.0;1.75;1000.0
2026-03-03;16:45:00;English National League South;Torquay;Farnborough FC;5.0;5.7;1.21;1.25;1.92;2.0;2.0;2.08;1.26;1.3;4.3;4.8;1.48;1.49;6.4;8.0;5.0;6.2;1.15;1.17;3.0;3.2;1.22;1.24;6.2;55.0;1.02;1.04;7.6;11.0;1.11;1.13;3.35;3.7;1.38;1.42;1.98;2.1;1.92;2.02;1.41;1.46;3.15;3.45;1.53;2.02;1.99;2.88;2.52;1000.0;4.2;1000.0;4.2;1000.0;4.2;1000.0;6.4;1000.0;6.2;1000.0;4.2;1000.0;4.2;1000.0;2.26;1000.0;4.9;1000.0;2.48;1000.0;4.2;1000.0;2.4;1000.0;2.42;1000.0;2.48;1000.0;2.58;1000.0;1.67;4.7;4.2;1000.0;2.64;1000.0
2026-03-03;16:45:00;English National League North;South Shields;AFC Fylde;4.0;4.4;1.29;1.33;1.67;1.73;2.38;2.5;1.18;1.21;5.7;6.6;2.1;2.24;3.3;3.85;3.6;4.1;1.36;1.43;1.8;1.91;1.32;1.38;5.7;55.0;1.03;1.05;5.5;6.6;1.18;1.22;2.54;2.72;1.58;1.65;1.61;1.68;2.46;2.64;1.25;1.28;4.4;5.2;1.56;1000.0;1.05;2.86;3.1;1000.0;3.35;1000.0;2.7;1000.0;2.58;1000.0;2.94;1000.0;5.1;42.0;3.15;1000.0;2.52;1000.0;3.0;1000.0;7.0;1000.0;6.2;950.0;2.7;1000.0;2.4;1000.0;2.66;1000.0;2.42;1000.0;2.2;1000.0;2.72;600.0;3.65;1000.0;3.6;1000.0
2026-03-03;16:45:00;English National League South;Enfield Town;Hampton and Richmond;3.65;3.95;1.34;1.38;1.57;1.63;2.6;2.76;1.15;1.18;6.6;7.8;2.58;2.82;2.56;2.8;3.6;4.1;1.56;1.64;1.56;1.64;1.33;1.38;4.7;1000.0;1.05;1.06;4.7;5.4;1.23;1.27;2.28;2.42;1.71;1.79;1.48;1.55;2.8;3.05;1.19;1.23;5.3;6.4;1.66;1000.0;1.05;2.5;2.82;1000.0;1.9;1000.0;1.92;1000.0;1.67;1000.0;1.97;1000.0;4.9;42.0;1.91;1000.0;1.84;1000.0;1.93;1000.0;1.83;1000.0;2.86;1000.0;1.87;1000.0;1.67;1000.0;1.84;1000.0;1.67;1000.0;1.69;1000.0;1.65;980.0;1.65;980.0;1.97;1000.0
2026-03-03;16:45:00;English National League South;Hornchurch;Salisbury City;3.75;4.1;1.33;1.37;1.59;1.65;2.54;2.68;1.16;1.19;6.2;7.6;1.71;1.8;4.5;5.6;4.0;4.9;1.01;1000.0;1.01;1000.0;1.01;1000.0;1.15;1000.0;1.04;1.06;4.9;5.8;1.21;1.25;2.36;2.54;1.65;1.73;1.56;1.62;2.6;2.8;1.22;1.25;4.9;5.8;1.05;1000.0;1.05;1000.0;3.25;1000.0;4.2;1000.0;4.2;1000.0;4.2;1000.0;2.08;1000.0;1.99;42.0;4.2;1000.0;4.2;1000.0;2.1;1000.0;2.06;1000.0;1.98;1000.0;4.2;1000.0;2.06;1000.0;6.6;1000.0;2.02;1000.0;2.16;1000.0;2.0;29.0;3.1;1000.0;2.3;1000.0
2026-03-03;16:45:00;Scottish Championship;Arbroath;Ayr;2.96;3.15;1.46;1.51;1.4;1.45;3.25;3.5;1.09;1.12;9.4;11.5;2.44;2.64;3.05;3.3;3.3;3.6;1.44;1.49;1.61;1.69;1.38;1.43;11.0;13.5;1.09;1.1;3.45;3.75;1.37;1.41;1.83;1.88;2.12;2.2;1.3;1.34;3.9;4.4;1.11;1.13;8.4;10.5;1.78;1.92;2.08;2.3;11.0;21.0;9.2;17.0;10.5;980.0;5.5;500.0;9.0;11.0;6.4;7.4;11.5;26.0;5.9;980.0;7.6;21.0;10.0;12.0;11.5;25.0;5.5;500.0;26.0;120.0;21.0;75.0;5.6;160.0;8.6;1000.0;5.5;600.0;7.2;1000.0;6.0;1000.0
2026-03-03;16:45:00;English National League;Rochdale;Brackley Town;0.0;0.0;0.0;0.0;0.0;0.0;0.0;0.0;0.0;0.0;0.0;0.0;1.33;1.35;11.5;17.0;5.3;5.7;0.0;0.0;0.0;0.0;0.0;0.0;0.0;0.0;0.0;0.0;0.0;0.0;0.0;0.0;1.92;2.0;2.0;2.08;0.0;0.0;0.0;0.0;0.0;0.0;0.0;0.0;0.0;0.0;0.0;0.0;0.0;0.0;0.0;0.0;0.0;0.0;0.0;0.0;0.0;0.0;0.0;0.0;0.0;0.0;0.0;0.0;0.0;0.0;0.0;0.0;0.0;0.0;0.0;0.0;0.0;0.0;0.0;0.0;0.0;0.0;0.0;0.0;0.0;0.0;0.0;0.0;0.0;0.0
2026-03-03;16:45:00;English National League;Boston Utd;Woking;3.0;3.2;1.45;1.5;1.41;1.45;3.2;3.45;1.09;1.12;9.2;12.5;2.02;2.14;3.9;4.5;3.5;3.75;1.29;1.34;1.88;1.99;1.36;1.4;10.0;15.5;1.08;1.1;3.5;3.8;1.36;1.4;1.81;1.9;2.12;2.22;1.3;1.34;3.9;4.4;1.11;1.13;8.0;11.0;1.05;980.0;1.05;980.0;7.0;90.0;3.6;980.0;2.08;980.0;2.08;900.0;5.1;980.0;4.4;42.0;4.1;980.0;2.08;200.0;6.4;980.0;6.2;980.0;8.8;980.0;2.08;330.0;10.0;980.0;9.8;980.0;2.32;980.0;2.08;1000.0;4.1;60.0;2.18;1000.0;2.1;1000.0
2026-03-03;16:45:00;English National League South;Bath City;Slough Town;3.2;3.45;1.41;1.45;1.46;1.51;2.96;3.15;1.11;1.14;8.0;10.0;2.2;2.36;3.2;3.5;3.5;4.0;1.01;1000.0;1.01;1000.0;1.01;1000.0;1.15;21.0;1.06;1.09;3.7;4.1;1.33;1.37;1.98;2.08;1.94;2.04;1.36;1.41;3.45;3.8;1.13;1.16;7.0;10.5;1.67;1000.0;1.05;2.48;1.91;1000.0;5.7;1000.0;1.89;1000.0;1.93;900.0;5.8;1000.0;4.9;42.0;6.0;1000.0;1.91;1000.0;1.82;1000.0;6.2;500.0;7.0;1000.0;1.92;1000.0;1.89;900.0;9.6;500.0;1.9;1000.0;1.93;1000.0;3.7;600.0;1.9;1000.0;1.95;1000.0
2026-03-03;17:00:00;Spanish Copa del Rey;Barcelona;Atletico Madrid;6.0;6.6;1.18;1.2;2.2;2.24;1.81;1.84;1.36;1.38;3.65;3.75;1.49;1.5;5.9;6.0;6.0;6.2;1.2;1.21;3.0;3.05;1.19;1.2;50.0;75.0;1.01;1.02;11.5;12.0;1.09;1.1;4.3;4.5;1.29;1.3;2.38;2.4;1.72;1.73;1.6;1.62;2.62;2.66;1.46;1.49;3.05;3.2;48.0;70.0;42.0;50.0;55.0;70.0;21.0;140.0;20.0;23.0;14.5;16.5;23.0;26.0;48.0;55.0;15.0;17.0;11.0;12.5;16.0;17.5;36.0;40.0;16.5;18.5;12.5;14.0;18.0;19.0;38.0;46.0;3.45;3.7;26.0;32.0;20.0;230.0
2026-03-03;17:00:00;French Cup;Strasbourg;Reims;3.65;3.85;1.35;1.38;1.57;1.61;2.64;2.76;1.15;1.17;6.8;7.8;1.63;1.65;5.9;6.4;4.3;4.6;1.18;1.2;2.52;2.6;1.28;1.31;17.5;21.0;1.05;1.06;4.7;5.0;1.25;1.27;2.24;2.3;1.77;1.8;1.49;1.52;2.92;3.05;1.19;1.21;5.7;6.2;1.84;1.93;2.08;2.18;16.5;18.5;18.5;25.0;20.0;50.0;10.5;160.0;9.0;10.5;8.6;10.0;12.0;23.0;10.0;80.0;9.2;10.5;8.8;9.8;17.0;21.0;28.0;75.0;14.0;16.0;14.5;17.5;16.0;32.0;16.0;500.0;5.9;11.5;10.5;80.0;11.0;1000.0
2026-03-03;17:00:00;Italian Coppa Italia;Como;Inter;2.82;2.92;1.52;1.55;1.38;1.4;3.5;3.65;1.09;1.1;11.0;12.0;3.1;3.15;2.66;2.68;3.25;3.3;1.59;1.61;1.46;1.48;1.43;1.45;10.0;11.0;1.1;1.11;3.25;3.35;1.43;1.44;1.74;1.76;2.32;2.36;1.28;1.3;4.3;4.6;1.09;1.11;10.0;11.5;1.93;2.0;2.0;2.08;10.5;11.5;8.8;9.4;15.0;16.0;36.0;46.0;10.0;10.5;6.6;7.0;11.5;12.0;29.0;32.0;16.0;19.0;12.0;13.5;17.0;20.0;42.0;50.0;42.0;55.0;34.0;42.0;48.0;55.0;48.0;130.0;38.0;42.0;14.5;32.0;15.0;1000.0
2026-03-03;17:00:00;Colombian Primera B;Atletico FC Cali;Leones FC;2.74;2.94;1.52;1.58;1.34;1.39;3.6;3.95;1.07;1.1;11.0;15.5;2.42;2.6;3.3;3.7;3.0;3.35;1.39;1.43;1.63;1.7;1.44;1.49;7.8;12.5;1.1;1.13;2.96;3.3;1.44;1.5;1.64;1.72;2.38;2.58;1.24;1.27;4.6;5.4;1.08;1.1;10.0;21.0;1.06;1000.0;1.05;1000.0;1.59;1000.0;1.62;1000.0;1.69;1000.0;1.72;1000.0;1.59;1000.0;1.54;42.0;1.65;1000.0;1.72;1000.0;1.65;1000.0;1.63;1000.0;1.67;1000.0;1.72;1000.0;1.71;1000.0;1.71;1000.0;1.72;1000.0;1.73;1000.0;1.69;1000.0;1.69;1000.0;1.74;1000.0
2026-03-03;17:00:00;Scottish League One;Hamilton;Stenhousemuir;3.0;3.25;1.45;1.5;1.41;1.46;3.2;3.45;1.09;1.12;9.2;12.5;3.2;3.4;2.32;2.48;3.4;3.6;1.68;1.75;1.42;1.45;1.38;1.42;9.6;14.5;1.07;1.1;3.35;3.75;1.37;1.41;1.8;1.9;2.12;2.26;1.29;1.34;3.9;4.5;1.11;1.13;8.2;10.5;1.81;1.99;2.0;2.22;10.5;13.0;8.0;9.8;12.5;15.5;7.8;34.0;10.0;12.5;6.8;8.2;9.8;12.0;8.6;29.0;19.5;24.0;12.0;15.0;12.0;19.5;8.4;46.0;8.8;980.0;9.2;120.0;8.6;980.0;9.4;580.0;8.4;600.0;19.5;24.0;10.0;1000.0
2026-03-03;17:15:00;English Premier League;Wolves;Liverpool;3.85;4.1;1.32;1.35;1.62;1.67;2.5;2.6;1.17;1.19;6.2;7.0;6.8;7.0;1.53;1.54;4.9;5.0;2.86;2.9;1.16;1.18;1.25;1.26;21.0;24.0;1.04;1.05;5.4;5.6;1.22;1.23;2.46;2.5;1.66;1.68;1.58;1.59;2.7;2.74;1.23;1.24;5.1;5.3;1.79;1.82;2.22;2.28;22.0;23.0;9.6;10.0;9.4;9.8;13.5;14.0;25.0;26.0;10.5;11.0;9.2;9.4;13.5;14.0;50.0;55.0;23.0;24.0;20.0;21.0;27.0;28.0;170.0;190.0;80.0;85.0;65.0;75.0;85.0;95.0;85.0;1000.0;6.2;6.4;140.0;880.0
2026-03-03;17:45:00;Portuguese Cup;Sporting Lisbon;Porto;2.66;2.78;1.56;1.6;1.33;1.37;3.75;4.0;1.08;1.09;12.5;14.0;2.22;2.24;4.2;4.3;3.15;3.2;1.3;1.31;1.82;1.84;1.44;1.46;8.2;9.2;1.12;1.14;2.78;2.88;1.53;1.56;1.59;1.61;2.62;2.72;1.21;1.23;5.3;5.8;1.07;1.08;13.0;15.0;2.12;2.2;1.83;1.88;8.4;8.8;10.5;12.5;24.0;28.0;28.0;120.0;6.8;7.2;6.6;7.0;17.0;20.0;60.0;70.0;10.5;12.0;10.5;11.5;22.0;24.0;17.0;95.0;14.5;29.0;26.0;29.0;23.0;60.0;65.0;190.0;25.0;28.0;17.5;100.0;18.5;1000.0
2026-03-03;18:00:00;Algerian Cup;CS Constantine;JSM Bejaia;3.8;4.1;1.32;1.36;1.61;1.67;2.48;2.62;1.16;1.19;6.2;7.4;1.27;1.31;5.7;990.0;4.3;500.0;1.03;1.15;4.0;5.0;1.09;1.27;4.7;55.0;1.04;1.06;4.6;5.4;1.24;1.27;2.28;2.42;1.71;1.79;1.51;1.57;2.74;2.98;1.19;1.23;5.3;6.6;1.94;1000.0;1.05;2.06;1.65;1000.0;1.7;1000.0;4.2;1000.0;1.72;1000.0;1.54;1000.0;1.62;1000.0;4.2;1000.0;1.72;1000.0;1.55;1000.0;1.6;1000.0;1.69;1000.0;4.2;1000.0;1.58;1000.0;1.64;1000.0;1.7;1000.0;1.72;1000.0;1.54;29.0;10.5;1000.0;1.72;1000.0
2026-03-03;18:00:00;Algerian Cup;Belouizdad;MC Alger;2.42;2.58;1.64;1.71;1.27;1.31;4.2;4.8;1.05;1.08;13.5;26.0;2.48;2.76;3.35;3.85;2.8;3.1;1.36;1.42;1.58;1.66;1.48;1.53;6.8;9.4;1.14;1.17;2.48;2.7;1.59;1.67;1.46;1.53;2.88;3.2;1.16;1.19;6.0;8.2;1.04;1.07;1.1;26.0;1.05;1000.0;1.05;1000.0;4.2;1000.0;1.6;1000.0;1.69;1000.0;1.72;1000.0;1.56;1000.0;1.53;42.0;1.64;1000.0;1.71;1000.0;1.65;1000.0;1.63;1000.0;1.67;1000.0;1.72;1000.0;1.71;1000.0;1.71;1000.0;1.71;1000.0;1.73;1000.0;1.73;1000.0;1.73;1000.0;1.73;1000.0
2026-03-03;19:00:00;Argentinian Primera Division;Sarmiento de Junin;Estudiantes Rio Cuarto;2.3;2.4;1.71;1.76;1.25;1.27;4.7;5.1;1.04;1.06;17.5;26.0;2.18;2.26;4.5;4.8;2.94;3.05;1.26;1.29;1.79;1.85;1.48;1.52;6.4;7.0;1.17;1.19;2.36;2.42;1.71;1.74;1.42;1.45;3.25;3.4;1.14;1.16;7.4;8.2;1.04;1.06;17.5;30.0;2.5;2.64;1.61;1.67;6.6;7.4;9.4;12.0;21.0;46.0;42.0;500.0;5.6;6.4;6.4;7.4;17.0;32.0;55.0;260.0;9.4;12.5;11.5;14.5;25.0;50.0;44.0;500.0;23.0;50.0;28.0;60.0;55.0;210.0;70.0;500.0;23.0;85.0;55.0;500.0;4.9;1000.0
2026-03-03;19:00:00;CONMEBOL Copa Sudamericana;Torque;Defensor Sporting;2.6;2.8;1.56;1.62;1.31;1.36;3.8;4.2;1.06;1.09;12.0;21.0;2.28;2.32;3.75;4.0;3.15;3.35;1.33;1.36;1.75;1.79;1.43;1.46;7.6;10.5;1.12;1.14;2.72;2.96;1.52;1.57;1.55;1.62;2.6;2.82;1.19;1.23;5.2;6.4;1.06;1.09;5.4;21.0;1.05;980.0;1.05;980.0;6.4;90.0;6.4;980.0;1.81;980.0;1.84;500.0;4.2;980.0;5.5;42.0;1.76;980.0;1.84;500.0;5.8;980.0;6.4;980.0;11.5;980.0;1.84;500.0;1.81;980.0;1.8;980.0;1.83;500.0;1.85;500.0;5.5;980.0;1.85;500.0;1.85;1000.0
2026-03-03;19:00:00;CONMEBOL Copa Sudamericana;Independiente Petrolero;Guabira;3.3;3.9;1.35;1.44;1.51;1.63;2.6;2.98;1.14;1.18;5.7;9.6;1.99;2.18;3.55;4.2;3.6;4.6;1.32;1.39;1.84;2.02;1.32;1.39;12.5;26.0;1.04;1.09;4.1;5.0;1.26;1.33;2.08;2.56;1.64;1.93;1.43;1.52;2.92;3.35;1.17;1.21;5.7;7.4;1.67;1.81;2.24;2.48;12.5;980.0;12.0;980.0;21.0;980.0;6.2;100.0;8.0;980.0;7.4;10.5;11.5;980.0;5.9;980.0;10.0;980.0;9.0;13.0;12.0;980.0;6.0;980.0;18.0;980.0;15.0;980.0;23.0;980.0;6.2;100.0;9.6;980.0;5.8;980.0;2.08;1000.0
2026-03-03;19:00:00;CONMEBOL Copa Sudamericana;Club Independiente Petrolero;Guabira;3.9;4.3;1.3;1.34;1.64;1.7;2.42;2.56;1.17;1.2;6.0;7.0;2.2;2.3;3.15;3.45;3.7;4.2;1.41;1.45;1.76;1.83;1.33;1.36;1.15;26.0;1.04;1.06;5.1;6.0;1.2;1.24;2.42;2.5;1.67;1.7;1.56;1.63;2.58;2.78;1.22;1.26;4.8;5.6;1.05;980.0;1.05;980.0;1.76;980.0;1.61;980.0;1.65;980.0;1.67;500.0;1.59;980.0;6.6;980.0;1.6;980.0;1.65;980.0;1.6;980.0;1.56;980.0;9.8;980.0;1.66;980.0;1.65;980.0;1.61;980.0;1.65;980.0;16.5;580.0;1.63;980.0;1.67;980.0;1.83;1000.0
2026-03-03;19:00:00;Friendlies Women's International;Morocco (W);Burkina Faso Women;4.7;5.3;1.23;1.27;1.83;1.92;2.08;2.22;1.23;1.27;4.7;5.4;1.15;1.19;1.04;1000.0;5.8;980.0;1.01;1.12;3.65;26.0;1.04;1.18;6.8;55.0;1.02;1.04;6.6;10.5;1.13;1.17;3.0;3.35;1.43;1.49;1.81;1.94;2.06;2.22;1.34;1.39;3.5;4.1;2.16;2.78;1.56;1.86;1.08;1000.0;1.08;1000.0;1.08;1000.0;1.08;1000.0;1.08;1000.0;1.08;1000.0;1.08;1000.0;1.08;1000.0;1.08;1000.0;1.08;1000.0;1.08;1000.0;1.08;1000.0;1.08;1000.0;1.08;1000.0;1.08;1000.0;1.08;1000.0;1.01;29.0;10.5;1000.0;1.08;1000.0
2026-03-03;19:15:00;Argentinian Primera Division;CA Huracan;Belgrano;2.22;2.32;1.76;1.82;1.22;1.25;5.0;5.5;1.04;1.06;17.5;30.0;2.72;2.8;3.35;3.5;2.84;2.94;1.4;1.43;1.55;1.57;1.51;1.55;6.2;6.4;1.18;1.19;2.2;2.28;1.79;1.83;1.37;1.39;3.55;3.7;1.12;1.14;8.2;9.4;1.03;1.05;21.0;36.0;2.5;2.7;1.6;1.67;5.7;6.8;6.8;8.4;15.0;22.0;48.0;190.0;6.0;7.2;6.2;7.0;15.5;21.0;46.0;180.0;12.5;15.0;13.0;19.5;27.0;65.0;42.0;310.0;26.0;110.0;38.0;120.0;40.0;290.0;70.0;1000.0;32.0;220.0;38.0;1000.0;5.3;1000.0
2026-03-03;20:00:00;Argentinian Primera C;Central Cordoba;Canuelas;1.05;1000.0;1.01;1000.0;1.04;1000.0;1.04;1000.0;1.01;1000.0;1.01;1000.0;1.69;990.0;2.8;990.0;2.52;980.0;1.17;1.56;1.44;2.7;1.16;1.66;1.15;1000.0;1.01;110.0;1.25;990.0;1.01;110.0;1.24;990.0;1.01;6.0;1.12;990.0;1.05;11.0;1.04;110.0;1.57;110.0;1.05;1000.0;1.05;1000.0;4.2;1000.0;1.18;1000.0;1.18;1000.0;1.18;1000.0;1.18;1000.0;1.09;42.0;1.18;1000.0;1.18;1000.0;1.18;1000.0;1.18;1000.0;1.18;1000.0;1.18;1000.0;1.18;1000.0;1.18;1000.0;1.18;1000.0;1.18;1000.0;1.18;1000.0;1.55;1000.0;1.18;1000.0
2026-03-03;20:00:00;Brazilian Cup;CRB;Porto Sport Club;3.6;4.1;1.33;1.38;1.57;1.64;2.56;2.74;1.14;1.18;6.4;8.2;1.23;1.28;6.4;980.0;4.7;980.0;1.02;1.09;4.3;5.8;1.12;1.2;1.02;26.0;1.04;1.07;4.5;5.6;1.23;1.28;2.2;2.4;1.72;1.82;1.46;1.54;2.84;3.2;1.2;1.22;5.2;6.6;1.01;980.0;1.01;1000.0;1.55;980.0;1.59;150.0;1.61;1000.0;4.2;1000.0;1.47;980.0;1.54;980.0;1.61;1000.0;1.61;1000.0;1.45;980.0;1.52;980.0;1.59;150.0;1.61;1000.0;1.48;980.0;1.54;980.0;1.6;190.0;1.61;1000.0;1.45;29.0;4.2;1000.0;1.61;1000.0
2026-03-03;21:15:00;Argentinian Primera Division;Atl Tucuman;Racing Club;2.68;2.82;1.55;1.59;1.33;1.36;3.75;4.0;1.07;1.09;12.0;15.5;3.4;3.6;2.52;2.58;3.1;3.2;1.63;1.66;1.39;1.42;1.45;1.48;8.4;9.4;1.12;1.14;2.9;2.98;1.51;1.53;1.6;1.64;2.56;2.66;1.22;1.24;5.1;5.5;1.07;1.09;12.0;15.5;2.06;2.14;1.88;1.95;7.8;10.0;7.2;9.0;11.5;18.0;26.0;980.0;8.4;11.5;6.0;7.4;11.5;15.0;27.0;980.0;15.5;30.0;12.5;19.5;18.5;30.0;30.0;1000.0;44.0;75.0;27.0;980.0;34.0;1000.0;44.0;1000.0;30.0;1000.0;21.0;980.0;80.0;1000.0
2026-03-03;21:30:00;CONMEBOL Copa Libertadores;Barcelona (ECU);Botafogo FR;2.68;2.82;1.55;1.6;1.35;1.37;3.75;4.1;1.07;1.09;12.0;15.5;2.66;2.8;3.0;3.2;3.2;3.25;1.45;1.5;1.56;1.61;1.44;1.46;8.2;11.0;1.11;1.13;2.88;3.0;1.5;1.53;1.6;1.64;2.56;2.68;1.21;1.24;5.1;5.8;1.07;1.09;11.0;21.0;1.05;980.0;1.05;980.0;1.18;1000.0;1.05;1000.0;1.05;1000.0;1.05;1000.0;1.18;1000.0;1.01;1000.0;1.05;1000.0;1.05;1000.0;1.05;1000.0;1.05;1000.0;1.05;1000.0;1.05;1000.0;1.05;1000.0;1.05;1000.0;1.05;1000.0;1.05;1000.0;1.01;1000.0;1.01;1000.0;1.05;1000.0
2026-03-03;21:30:00;CONMEBOL Copa Sudamericana;Cobresal;Audax Italiano;3.0;3.25;1.45;1.5;1.41;1.46;3.15;3.4;1.09;1.12;9.2;12.5;2.38;2.52;3.25;3.55;3.25;3.4;1.4;1.43;1.66;1.73;1.41;1.45;3.4;15.5;1.08;1.1;3.35;3.75;1.37;1.42;1.79;1.88;2.14;2.28;1.3;1.34;3.9;4.5;1.1;1.13;8.0;11.0;1.05;980.0;1.05;980.0;1.24;980.0;1.24;980.0;1.18;980.0;1.13;65.0;1.24;980.0;1.37;980.0;1.24;1000.0;1.15;1000.0;1.15;980.0;1.24;1000.0;1.24;1000.0;1.15;1000.0;1.15;1000.0;1.24;1000.0;1.24;1000.0;1.15;1000.0;1.1;980.0;1.12;980.0;1.24;1000.0
2026-03-03;21:30:00;CONMEBOL Copa Sudamericana;Puerto Cabello;Monagas;2.88;3.1;1.5;1.53;1.38;1.43;3.35;3.65;1.08;1.11;10.0;13.5;1.95;2.02;4.3;4.9;3.4;3.65;1.26;1.3;1.98;2.06;1.38;1.41;3.15;990.0;1.09;1.11;3.15;3.4;1.42;1.46;1.7;1.79;2.28;2.44;1.26;1.3;4.3;5.0;1.09;1.11;4.4;15.5;1.05;980.0;1.05;980.0;1.05;1000.0;1.05;1000.0;1.05;1000.0;1.05;1000.0;1.15;1000.0;1.01;980.0;1.05;1000.0;1.05;1000.0;1.05;1000.0;1.05;1000.0;1.05;1000.0;1.05;1000.0;1.05;1000.0;1.05;1000.0;1.05;1000.0;1.05;1000.0;1.01;1000.0;1.01;1000.0;1.04;1000.0
2026-03-03;22:00:00;Mexican Liga MX;Pachuca;Necaxa;3.15;3.35;1.43;1.46;1.47;1.49;3.05;3.1;1.11;1.13;8.6;10.0;1.9;1.95;4.5;4.7;3.7;3.85;1.27;1.29;2.04;2.12;1.35;1.38;12.5;15.5;1.07;1.09;3.8;3.95;1.34;1.36;1.95;1.98;2.02;2.06;1.36;1.38;3.65;3.8;1.13;1.15;7.6;8.8;1.85;1.93;2.0;2.18;2.98;16.5;13.5;16.5;5.8;48.0;3.65;1000.0;3.85;9.8;3.65;980.0;15.5;19.5;42.0;65.0;10.0;12.5;9.2;11.0;17.0;21.0;42.0;70.0;18.5;30.0;17.5;22.0;5.6;40.0;3.65;1000.0;12.0;15.5;3.45;80.0;3.6;1000.0
2026-03-03;22:00:00;Mexican Liga MX;Santos Laguna;Cruz Azul;4.1;4.2;1.31;1.33;1.67;1.72;2.38;2.48;1.18;1.21;5.9;6.4;6.2;6.6;1.56;1.58;4.8;5.0;2.72;2.82;1.17;1.2;1.25;1.27;22.0;36.0;1.03;1.05;5.6;6.0;1.2;1.22;2.58;2.66;1.61;1.64;1.62;1.65;2.54;2.62;1.25;1.27;4.7;5.0;1.75;1.81;2.24;2.34;20.0;24.0;10.0;980.0;9.8;11.0;13.5;980.0;10.5;29.0;10.0;11.0;9.2;10.0;13.5;15.0;4.4;980.0;18.5;24.0;17.5;19.5;24.0;28.0;4.6;170.0;4.5;75.0;14.0;1000.0;4.6;85.0;4.5;70.0;5.8;6.4;4.8;1000.0
2026-03-03;23:00:00;Costa Rican Primera Division;LD Alajuelense;CS Cartagines;3.0;3.2;1.46;1.5;1.41;1.45;3.2;3.45;1.09;1.12;9.2;12.5;1.72;1.8;5.1;6.2;3.6;4.2;1.2;1.24;2.24;2.4;1.32;1.38;10.0;990.0;1.08;1.1;3.35;3.7;1.38;1.42;1.78;1.85;2.16;2.3;1.29;1.33;3.95;4.5;1.1;1.13;1.1;15.5;1.05;1000.0;1.05;1000.0;1.01;1000.0;1.01;1000.0;1.01;1000.0;1.01;1000.0;1.01;1000.0;1.01;1000.0;1.01;1000.0;1.01;1000.0;1.01;1000.0;1.01;1000.0;1.01;1000.0;1.01;1000.0;1.01;1000.0;1.01;1000.0;1.01;1000.0;1.01;1000.0;1.01;1000.0;1.01;1000.0;1.01;1000.0
2026-03-03;23:00:00;Guatemalan Liga Nacional;Comunicaciones;Malacateco;3.0;3.5;1.4;1.49;1.41;1.52;2.9;3.45;1.09;1.14;1.1;1000.0;1.54;1.75;6.0;9.0;3.6;4.8;1.12;1.2;2.32;2.98;1.26;1.39;1.15;1000.0;1.06;1.11;3.35;4.3;1.34;1.41;1.8;2.1;1.92;2.26;1.29;1.41;3.3;6.6;1.1;1.18;1.1;13.5;1.85;2.44;1.69;2.18;1.36;1000.0;1.36;1000.0;1.36;1000.0;1.36;1000.0;1.36;1000.0;1.23;1000.0;1.36;1000.0;1.36;1000.0;1.23;1000.0;1.36;1000.0;1.36;1000.0;1.36;1000.0;1.36;1000.0;1.3;1000.0;1.36;1000.0;1.36;1000.0;6.6;1000.0;1.36;1000.0;1.36;1000.0
2026-03-03;23:00:00;CONMEBOL Copa Sudamericana;Alianza Atletico;Deportivo Garcilaso;2.5;2.64;1.61;1.67;1.3;1.33;4.1;4.5;1.06;1.08;13.5;21.0;2.34;2.48;3.65;4.0;3.0;3.1;1.33;1.38;1.68;1.74;1.47;1.5;7.0;990.0;1.13;1.16;2.58;2.78;1.56;1.63;1.51;1.55;2.8;2.98;1.18;1.21;5.7;7.0;1.06;1.08;5.8;21.0;1.05;980.0;1.05;980.0;1.01;1000.0;1.01;1000.0;1.01;1000.0;1.01;1000.0;1.01;1000.0;1.01;1000.0;1.01;1000.0;1.01;1000.0;1.01;1000.0;1.01;1000.0;1.01;1000.0;1.01;1000.0;1.01;1000.0;1.01;1000.0;1.01;1000.0;1.01;1000.0;1.01;1000.0;1.01;1000.0;1.01;1000.0
